Id,Date,DayShortName,MonthShortName,Season,isRamadan,isEid,Holiday
1,12/31/2019,Tue,Dec,winter,0,0,0
8871,1/1/2020,Wed,Jan,witer,0,0,0
8872,1/2/2020,Thu,Jan,witer,0,0,0
8873,1/3/2020,Fri,Jan,witer,0,0,0
8874,1/4/2020,Sat,Jan,witer,0,0,0
8875,1/5/2020,Sun,Jan,witer,0,0,1
8876,1/6/2020,Mon,Jan,witer,0,0,0
8877,1/7/2020,Tue,Jan,witer,0,0,0
8878,1/8/2020,Wed,Jan,witer,0,0,0
8879,1/9/2020,Thu,Jan,witer,0,0,0
8880,1/10/2020,Fri,Jan,witer,0,0,0
8881,1/11/2020,Sat,Jan,witer,0,0,0
8882,1/12/2020,Sun,Jan,witer,0,0,0
8883,1/13/2020,Mon,Jan,witer,0,0,0
8884,1/14/2020,Tue,Jan,witer,0,0,0
8885,1/15/2020,Wed,Jan,witer,0,0,0
8886,1/16/2020,Thu,Jan,witer,0,0,0
8887,1/17/2020,Fri,Jan,witer,0,0,0
8888,1/18/2020,Sat,Jan,witer,0,0,0
8889,1/19/2020,Sun,Jan,witer,0,0,0
8890,1/20/2020,Mon,Jan,witer,0,0,0
8891,1/21/2020,Tue,Jan,witer,0,0,0
8892,1/22/2020,Wed,Jan,witer,0,0,0
8893,1/23/2020,Thu,Jan,witer,0,0,0
8894,1/24/2020,Fri,Jan,witer,0,0,0
8895,1/25/2020,Sat,Jan,witer,0,0,0
8896,1/26/2020,Sun,Jan,witer,0,0,0
8897,1/27/2020,Mon,Jan,witer,0,0,0
8898,1/28/2020,Tue,Jan,witer,0,0,0
8899,1/29/2020,Wed,Jan,witer,0,0,0
8900,1/30/2020,Thu,Jan,witer,0,0,0
8901,1/31/2020,Fri,Jan,witer,0,0,0
8971,2/1/2020,Sat,Feb,witer,0,0,0
8972,2/2/2020,Sun,Feb,witer,0,0,0
8973,2/3/2020,Mon,Feb,witer,0,0,0
8974,2/4/2020,Tue,Feb,witer,0,0,0
8975,2/5/2020,Wed,Feb,witer,0,0,0
8976,2/6/2020,Thu,Feb,witer,0,0,0
8977,2/7/2020,Fri,Feb,witer,0,0,0
8978,2/8/2020,Sat,Feb,witer,0,0,0
8979,2/9/2020,Sun,Feb,witer,0,0,0
8980,2/10/2020,Mon,Feb,witer,0,0,0
8981,2/11/2020,Tue,Feb,witer,0,0,0
8982,2/12/2020,Wed,Feb,witer,0,0,0
8983,2/13/2020,Thu,Feb,witer,0,0,0
8984,2/14/2020,Fri,Feb,witer,0,0,0
8985,2/15/2020,Sat,Feb,witer,0,0,0
8986,2/16/2020,Sun,Feb,witer,0,0,0
8987,2/17/2020,Mon,Feb,witer,0,0,0
8988,2/18/2020,Tue,Feb,witer,0,0,0
8989,2/19/2020,Wed,Feb,witer,0,0,0
8990,2/20/2020,Thu,Feb,witer,0,0,0
8991,2/21/2020,Fri,Feb,witer,0,0,0
8992,2/22/2020,Sat,Feb,witer,0,0,0
8993,2/23/2020,Sun,Feb,witer,0,0,0
8994,2/24/2020,Mon,Feb,witer,0,0,0
8995,2/25/2020,Tue,Feb,witer,0,0,0
8996,2/26/2020,Wed,Feb,witer,0,0,0
8997,2/27/2020,Thu,Feb,witer,0,0,0
8998,2/28/2020,Fri,Feb,witer,0,0,0
8999,2/29/2020,Sat,Feb,witer,0,0,0
9071,3/1/2020,Sun,Mar,witer,0,0,0
9072,3/2/2020,Mon,Mar,witer,0,0,0
9073,3/3/2020,Tue,Mar,witer,0,0,0
9074,3/4/2020,Wed,Mar,witer,0,0,0
9075,3/5/2020,Thu,Mar,witer,0,0,0
9076,3/6/2020,Fri,Mar,witer,0,0,0
9077,3/7/2020,Sat,Mar,witer,0,0,0
9078,3/8/2020,Sun,Mar,witer,0,0,0
9079,3/9/2020,Mon,Mar,witer,0,0,0
9080,3/10/2020,Tue,Mar,witer,0,0,0
9081,3/11/2020,Wed,Mar,witer,0,0,0
9082,3/12/2020,Thu,Mar,witer,0,0,0
9083,3/13/2020,Fri,Mar,witer,0,0,0
9084,3/14/2020,Sat,Mar,witer,0,0,0
9085,3/15/2020,Sun,Mar,witer,0,0,0
9086,3/16/2020,Mon,Mar,witer,0,0,0
9087,3/17/2020,Tue,Mar,witer,0,0,0
9088,3/18/2020,Wed,Mar,witer,0,0,0
9089,3/19/2020,Thu,Mar,witer,0,0,0
9090,3/20/2020,Fri,Mar,witer,0,0,0
9091,3/21/2020,Sat,Mar,witer,0,0,0
9092,3/22/2020,Sun,Mar,witer,0,0,0
9093,3/23/2020,Mon,Mar,witer,0,0,0
9094,3/24/2020,Tue,Mar,witer,0,0,0
9095,3/25/2020,Wed,Mar,witer,0,0,0
9096,3/26/2020,Thu,Mar,witer,0,0,0
9097,3/27/2020,Fri,Mar,witer,0,0,0
9098,3/28/2020,Sat,Mar,witer,0,0,0
9099,3/29/2020,Sun,Mar,witer,0,0,0
9100,3/30/2020,Mon,Mar,witer,0,0,0
9101,3/31/2020,Tue,Mar,witer,0,0,0
9171,4/1/2020,Wed,Apr,witer,0,0,0
9172,4/2/2020,Thu,Apr,witer,0,0,0
9173,4/3/2020,Fri,Apr,witer,0,0,0
9174,4/4/2020,Sat,Apr,witer,0,0,0
9175,4/5/2020,Sun,Apr,witer,0,0,0
9176,4/6/2020,Mon,Apr,witer,0,0,0
9177,4/7/2020,Tue,Apr,witer,0,0,0
9178,4/8/2020,Wed,Apr,witer,0,0,0
9179,4/9/2020,Thu,Apr,witer,0,0,0
9180,4/10/2020,Fri,Apr,witer,0,0,0
9181,4/11/2020,Sat,Apr,witer,0,0,0
9182,4/12/2020,Sun,Apr,witer,0,0,0
9183,4/13/2020,Mon,Apr,witer,0,0,0
9184,4/14/2020,Tue,Apr,witer,0,0,0
9185,4/15/2020,Wed,Apr,witer,0,0,0
9186,4/16/2020,Thu,Apr,witer,0,0,0
9187,4/17/2020,Fri,Apr,witer,0,0,0
9188,4/18/2020,Sat,Apr,witer,0,0,0
9189,4/19/2020,Sun,Apr,witer,0,0,0
9190,4/20/2020,Mon,Apr,witer,0,0,0
9191,4/21/2020,Tue,Apr,witer,0,0,0
9192,4/22/2020,Wed,Apr,witer,0,0,0
9193,4/23/2020,Thu,Apr,witer,0,0,0
9194,4/24/2020,Fri,Apr,witer,1,0,0
9195,4/25/2020,Sat,Apr,witer,1,0,0
9196,4/26/2020,Sun,Apr,witer,1,0,0
9197,4/27/2020,Mon,Apr,witer,1,0,0
9198,4/28/2020,Tue,Apr,witer,1,0,0
9199,4/29/2020,Wed,Apr,witer,1,0,0
9200,4/30/2020,Thu,Apr,witer,1,0,0
9271,5/1/2020,Fri,May,witer,1,0,0
9272,5/2/2020,Sat,May,witer,1,0,0
9273,5/3/2020,Sun,May,witer,1,0,0
9274,5/4/2020,Mon,May,witer,1,0,0
9275,5/5/2020,Tue,May,witer,1,0,0
9276,5/6/2020,Wed,May,witer,1,0,0
9277,5/7/2020,Thu,May,witer,1,0,0
9278,5/8/2020,Fri,May,witer,1,0,0
9279,5/9/2020,Sat,May,witer,1,0,0
9280,5/10/2020,Sun,May,witer,1,0,0
9281,5/11/2020,Mon,May,witer,1,0,0
9282,5/12/2020,Tue,May,witer,1,0,0
9283,5/13/2020,Wed,May,witer,1,0,0
9284,5/14/2020,Thu,May,witer,1,0,0
9285,5/15/2020,Fri,May,witer,1,0,0
9286,5/16/2020,Sat,May,witer,1,0,0
9287,5/17/2020,Sun,May,witer,1,0,0
9288,5/18/2020,Mon,May,witer,1,0,0
9289,5/19/2020,Tue,May,witer,1,0,0
9290,5/20/2020,Wed,May,witer,1,0,0
9291,5/21/2020,Thu,May,witer,1,0,0
9292,5/22/2020,Fri,May,witer,1,0,0
9293,5/23/2020,Sat,May,witer,1,1,0
9294,5/24/2020,Sun,May,witer,0,0,0
9295,5/25/2020,Mon,May,witer,0,0,0
9296,5/26/2020,Tue,May,witer,0,0,0
9297,5/27/2020,Wed,May,witer,0,0,0
9298,5/28/2020,Thu,May,witer,0,0,0
9299,5/29/2020,Fri,May,witer,0,0,0
9300,5/30/2020,Sat,May,witer,0,0,0
9301,5/31/2020,Sun,May,witer,0,0,0
9371,6/1/2020,Mon,Jun,witer,0,0,0
9372,6/2/2020,Tue,Jun,witer,0,0,0
9373,6/3/2020,Wed,Jun,witer,0,0,0
9374,6/4/2020,Thu,Jun,witer,0,0,0
9375,6/5/2020,Fri,Jun,witer,0,0,0
9376,6/6/2020,Sat,Jun,witer,0,0,0
9377,6/7/2020,Sun,Jun,witer,0,0,0
9378,6/8/2020,Mon,Jun,witer,0,0,0
9379,6/9/2020,Tue,Jun,witer,0,0,0
9380,6/10/2020,Wed,Jun,witer,0,0,0
9381,6/11/2020,Thu,Jun,witer,0,0,0
9382,6/12/2020,Fri,Jun,witer,0,0,0
9383,6/13/2020,Sat,Jun,witer,0,0,0
9384,6/14/2020,Sun,Jun,witer,0,0,0
9385,6/15/2020,Mon,Jun,witer,0,0,0
9386,6/16/2020,Tue,Jun,witer,0,0,0
9387,6/17/2020,Wed,Jun,witer,0,0,0
9388,6/18/2020,Thu,Jun,witer,0,0,0
9389,6/19/2020,Fri,Jun,witer,0,0,0
9390,6/20/2020,Sat,Jun,witer,0,0,0
9391,6/21/2020,Sun,Jun,witer,0,0,0
9392,6/22/2020,Mon,Jun,witer,0,0,0
9393,6/23/2020,Tue,Jun,witer,0,0,0
9394,6/24/2020,Wed,Jun,witer,0,0,0
9395,6/25/2020,Thu,Jun,witer,0,0,0
9396,6/26/2020,Fri,Jun,witer,0,0,0
9397,6/27/2020,Sat,Jun,witer,0,0,0
9398,6/28/2020,Sun,Jun,witer,0,0,0
9399,6/29/2020,Mon,Jun,witer,0,0,0
9400,6/30/2020,Tue,Jun,witer,0,0,0
9471,7/1/2020,Wed,Jul,witer,0,0,0
9472,7/2/2020,Thu,Jul,witer,0,0,0
9473,7/3/2020,Fri,Jul,witer,0,0,0
9474,7/4/2020,Sat,Jul,witer,0,0,0
9475,7/5/2020,Sun,Jul,witer,0,0,0
9476,7/6/2020,Mon,Jul,witer,0,0,0
9477,7/7/2020,Tue,Jul,witer,0,0,0
9478,7/8/2020,Wed,Jul,witer,0,0,0
9479,7/9/2020,Thu,Jul,witer,0,0,0
9480,7/10/2020,Fri,Jul,witer,0,0,0
9481,7/11/2020,Sat,Jul,witer,0,0,0
9482,7/12/2020,Sun,Jul,witer,0,0,0
9483,7/13/2020,Mon,Jul,witer,0,0,0
9484,7/14/2020,Tue,Jul,witer,0,0,0
9485,7/15/2020,Wed,Jul,witer,0,0,0
9486,7/16/2020,Thu,Jul,witer,0,0,0
9487,7/17/2020,Fri,Jul,witer,0,0,0
9488,7/18/2020,Sat,Jul,witer,0,0,0
9489,7/19/2020,Sun,Jul,witer,0,0,0
9490,7/20/2020,Mon,Jul,witer,0,0,0
9491,7/21/2020,Tue,Jul,witer,0,0,0
9492,7/22/2020,Wed,Jul,witer,0,0,0
9493,7/23/2020,Thu,Jul,witer,0,0,0
9494,7/24/2020,Fri,Jul,witer,0,0,0
9495,7/25/2020,Sat,Jul,witer,0,0,0
9496,7/26/2020,Sun,Jul,witer,0,0,0
9497,7/27/2020,Mon,Jul,witer,0,0,0
9498,7/28/2020,Tue,Jul,witer,0,0,0
9499,7/29/2020,Wed,Jul,witer,0,0,0
9500,7/30/2020,Thu,Jul,witer,0,0,0
9501,7/31/2020,Fri,Jul,witer,0,0,0
9571,8/1/2020,Sat,Aug,witer,0,0,0
9572,8/2/2020,Sun,Aug,witer,0,0,0
9573,8/3/2020,Mon,Aug,witer,0,0,0
9574,8/4/2020,Tue,Aug,witer,0,0,0
9575,8/5/2020,Wed,Aug,witer,0,0,0
9576,8/6/2020,Thu,Aug,witer,0,0,0
9577,8/7/2020,Fri,Aug,witer,0,0,0
9578,8/8/2020,Sat,Aug,witer,0,0,0
9579,8/9/2020,Sun,Aug,witer,0,0,0
9580,8/10/2020,Mon,Aug,witer,0,0,0
9581,8/11/2020,Tue,Aug,witer,0,0,0
9582,8/12/2020,Wed,Aug,witer,0,0,0
9583,8/13/2020,Thu,Aug,witer,0,0,0
9584,8/14/2020,Fri,Aug,witer,0,0,0
9585,8/15/2020,Sat,Aug,witer,0,0,0
9586,8/16/2020,Sun,Aug,witer,0,0,0
9587,8/17/2020,Mon,Aug,witer,0,0,0
9588,8/18/2020,Tue,Aug,witer,0,0,0
9589,8/19/2020,Wed,Aug,witer,0,0,0
9590,8/20/2020,Thu,Aug,witer,0,0,0
9591,8/21/2020,Fri,Aug,witer,0,0,0
9592,8/22/2020,Sat,Aug,witer,0,0,0
9593,8/23/2020,Sun,Aug,witer,0,0,0
9594,8/24/2020,Mon,Aug,witer,0,0,0
9595,8/25/2020,Tue,Aug,witer,0,0,0
9596,8/26/2020,Wed,Aug,witer,0,0,0
9597,8/27/2020,Thu,Aug,witer,0,0,0
9598,8/28/2020,Fri,Aug,witer,0,0,0
9599,8/29/2020,Sat,Aug,witer,0,0,0
9600,8/30/2020,Sun,Aug,witer,0,0,0
9601,8/31/2020,Mon,Aug,witer,0,0,0
9671,9/1/2020,Tue,Sep,witer,0,0,0
9672,9/2/2020,Wed,Sep,witer,0,0,0
9673,9/3/2020,Thu,Sep,witer,0,0,0
9674,9/4/2020,Fri,Sep,witer,0,0,0
9675,9/5/2020,Sat,Sep,witer,0,0,0
9676,9/6/2020,Sun,Sep,witer,0,0,0
9677,9/7/2020,Mon,Sep,witer,0,0,0
9678,9/8/2020,Tue,Sep,witer,0,0,0
9679,9/9/2020,Wed,Sep,witer,0,0,0
9680,9/10/2020,Thu,Sep,witer,0,0,0
9681,9/11/2020,Fri,Sep,witer,0,0,0
9682,9/12/2020,Sat,Sep,witer,0,0,0
9683,9/13/2020,Sun,Sep,witer,0,0,0
9684,9/14/2020,Mon,Sep,witer,0,0,0
9685,9/15/2020,Tue,Sep,witer,0,0,0
9686,9/16/2020,Wed,Sep,witer,0,0,0
9687,9/17/2020,Thu,Sep,witer,0,0,0
9688,9/18/2020,Fri,Sep,witer,0,0,0
9689,9/19/2020,Sat,Sep,witer,0,0,0
9690,9/20/2020,Sun,Sep,witer,0,0,0
9691,9/21/2020,Mon,Sep,witer,0,0,0
9692,9/22/2020,Tue,Sep,witer,0,0,0
9693,9/23/2020,Wed,Sep,witer,0,0,0
9694,9/24/2020,Thu,Sep,witer,0,0,0
9695,9/25/2020,Fri,Sep,witer,0,0,0
9696,9/26/2020,Sat,Sep,witer,0,0,0
9697,9/27/2020,Sun,Sep,witer,0,0,0
9698,9/28/2020,Mon,Sep,witer,0,0,0
9699,9/29/2020,Tue,Sep,witer,0,0,0
9700,9/30/2020,Wed,Sep,witer,0,0,0
9771,10/1/2020,Thu,Oct,witer,0,0,0
9772,10/2/2020,Fri,Oct,witer,0,0,0
9773,10/3/2020,Sat,Oct,witer,0,0,0
9774,10/4/2020,Sun,Oct,witer,0,0,0
9775,10/5/2020,Mon,Oct,witer,0,0,0
9776,10/6/2020,Tue,Oct,witer,0,0,0
9777,10/7/2020,Wed,Oct,witer,0,0,0
9778,10/8/2020,Thu,Oct,witer,0,0,0
9779,10/9/2020,Fri,Oct,witer,0,0,0
9780,10/10/2020,Sat,Oct,witer,0,0,0
9781,10/11/2020,Sun,Oct,witer,0,0,0
9782,10/12/2020,Mon,Oct,witer,0,0,0
9783,10/13/2020,Tue,Oct,witer,0,0,0
9784,10/14/2020,Wed,Oct,witer,0,0,0
9785,10/15/2020,Thu,Oct,witer,0,0,0
9786,10/16/2020,Fri,Oct,witer,0,0,0
9787,10/17/2020,Sat,Oct,witer,0,0,0
9788,10/18/2020,Sun,Oct,witer,0,0,0
9789,10/19/2020,Mon,Oct,witer,0,0,0
9790,10/20/2020,Tue,Oct,witer,0,0,0
9791,10/21/2020,Wed,Oct,witer,0,0,0
9792,10/22/2020,Thu,Oct,witer,0,0,0
9793,10/23/2020,Fri,Oct,witer,0,0,0
9794,10/24/2020,Sat,Oct,witer,0,0,0
9795,10/25/2020,Sun,Oct,witer,0,0,0
9796,10/26/2020,Mon,Oct,witer,0,0,0
9797,10/27/2020,Tue,Oct,witer,0,0,0
9798,10/28/2020,Wed,Oct,witer,0,0,0
9799,10/29/2020,Thu,Oct,witer,0,0,0
9800,10/30/2020,Fri,Oct,witer,0,0,0
9801,10/31/2020,Sat,Oct,witer,0,0,0
9871,11/1/2020,Sun,Nov,witer,0,0,0
9872,11/2/2020,Mon,Nov,witer,0,0,0
9873,11/3/2020,Tue,Nov,witer,0,0,0
9874,11/4/2020,Wed,Nov,witer,0,0,0
9875,11/5/2020,Thu,Nov,witer,0,0,0
9876,11/6/2020,Fri,Nov,witer,0,0,0
9877,11/7/2020,Sat,Nov,witer,0,0,0
9878,11/8/2020,Sun,Nov,witer,0,0,0
9879,11/9/2020,Mon,Nov,witer,0,0,0
9880,11/10/2020,Tue,Nov,witer,0,0,0
9881,11/11/2020,Wed,Nov,witer,0,0,0
9882,11/12/2020,Thu,Nov,witer,0,0,0
9883,11/13/2020,Fri,Nov,witer,0,0,0
9884,11/14/2020,Sat,Nov,witer,0,0,0
9885,11/15/2020,Sun,Nov,witer,0,0,0
9886,11/16/2020,Mon,Nov,witer,0,0,0
9887,11/17/2020,Tue,Nov,witer,0,0,0
9888,11/18/2020,Wed,Nov,witer,0,0,0
9889,11/19/2020,Thu,Nov,witer,0,0,0
9890,11/20/2020,Fri,Nov,witer,0,0,0
9891,11/21/2020,Sat,Nov,witer,0,0,0
9892,11/22/2020,Sun,Nov,witer,0,0,0
9893,11/23/2020,Mon,Nov,witer,0,0,0
9894,11/24/2020,Tue,Nov,witer,0,0,0
9895,11/25/2020,Wed,Nov,witer,0,0,0
9896,11/26/2020,Thu,Nov,witer,0,0,0
9897,11/27/2020,Fri,Nov,witer,0,0,0
9898,11/28/2020,Sat,Nov,witer,0,0,0
9899,11/29/2020,Sun,Nov,witer,0,0,0
9900,11/30/2020,Mon,Nov,witer,0,0,0
9971,12/1/2020,Tue,Dec,witer,0,0,0
9972,12/2/2020,Wed,Dec,witer,0,0,0
9973,12/3/2020,Thu,Dec,witer,0,0,0
9974,12/4/2020,Fri,Dec,witer,0,0,0
9975,12/5/2020,Sat,Dec,witer,0,0,0
9976,12/6/2020,Sun,Dec,witer,0,0,0
9977,12/7/2020,Mon,Dec,witer,0,0,0
9978,12/8/2020,Tue,Dec,witer,0,0,0
9979,12/9/2020,Wed,Dec,witer,0,0,0
9980,12/10/2020,Thu,Dec,witer,0,0,0
9981,12/11/2020,Fri,Dec,witer,0,0,0
9982,12/12/2020,Sat,Dec,witer,0,0,0
9983,12/13/2020,Sun,Dec,witer,0,0,0
9984,12/14/2020,Mon,Dec,witer,0,0,0
9985,12/15/2020,Tue,Dec,witer,0,0,0
9986,12/16/2020,Wed,Dec,witer,0,0,0
9987,12/17/2020,Thu,Dec,witer,0,0,0
9988,12/18/2020,Fri,Dec,witer,0,0,0
9989,12/19/2020,Sat,Dec,witer,0,0,0
9990,12/20/2020,Sun,Dec,witer,0,0,0
9991,12/21/2020,Mon,Dec,witer,0,0,0
9992,12/22/2020,Tue,Dec,witer,0,0,0
9993,12/23/2020,Wed,Dec,witer,0,0,0
9994,12/24/2020,Thu,Dec,witer,0,0,0
9995,12/25/2020,Fri,Dec,witer,0,0,0
9996,12/26/2020,Sat,Dec,witer,0,0,0
9997,12/27/2020,Sun,Dec,witer,0,0,0
9998,12/28/2020,Mon,Dec,witer,0,0,0
9999,12/29/2020,Tue,Dec,witer,0,0,0
10000,12/30/2020,Wed,Dec,witer,0,0,0
10001,12/31/2020,Thu,Dec,witer,0,0,0
18871,1/1/2021,Fri,Jan,witer,0,0,0
18872,1/2/2021,Sat,Jan,witer,0,0,0
18873,1/3/2021,Sun,Jan,witer,0,0,0
18874,1/4/2021,Mon,Jan,witer,0,0,0
18875,1/5/2021,Tue,Jan,witer,0,0,0
18876,1/6/2021,Wed,Jan,witer,0,0,0
18877,1/7/2021,Thu,Jan,witer,0,0,0
18878,1/8/2021,Fri,Jan,witer,0,0,0
18879,1/9/2021,Sat,Jan,witer,0,0,0
18880,1/10/2021,Sun,Jan,witer,0,0,0
18881,1/11/2021,Mon,Jan,witer,0,0,0
18882,1/12/2021,Tue,Jan,witer,0,0,0
18883,1/13/2021,Wed,Jan,witer,0,0,0
18884,1/14/2021,Thu,Jan,witer,0,0,0
18885,1/15/2021,Fri,Jan,witer,0,0,0
18886,1/16/2021,Sat,Jan,witer,0,0,0
18887,1/17/2021,Sun,Jan,witer,0,0,0
18888,1/18/2021,Mon,Jan,witer,0,0,0
18889,1/19/2021,Tue,Jan,witer,0,0,0
18890,1/20/2021,Wed,Jan,witer,0,0,0
18891,1/21/2021,Thu,Jan,witer,0,0,0
18892,1/22/2021,Fri,Jan,witer,0,0,0
18893,1/23/2021,Sat,Jan,witer,0,0,0
18894,1/24/2021,Sun,Jan,witer,0,0,0
18895,1/25/2021,Mon,Jan,witer,0,0,0
18896,1/26/2021,Tue,Jan,witer,0,0,0
18897,1/27/2021,Wed,Jan,witer,0,0,0
18898,1/28/2021,Thu,Jan,witer,0,0,0
18899,1/29/2021,Fri,Jan,witer,0,0,0
18900,1/30/2021,Sat,Jan,witer,0,0,0
18901,1/31/2021,Sun,Jan,witer,0,0,0
18971,2/1/2021,Mon,Feb,witer,0,0,0
18972,2/2/2021,Tue,Feb,witer,0,0,0
18973,2/3/2021,Wed,Feb,witer,0,0,0
18974,2/4/2021,Thu,Feb,witer,0,0,0
18975,2/5/2021,Fri,Feb,witer,0,0,0
18976,2/6/2021,Sat,Feb,witer,0,0,0
18977,2/7/2021,Sun,Feb,witer,0,0,0
18978,2/8/2021,Mon,Feb,witer,0,0,0
18979,2/9/2021,Tue,Feb,witer,0,0,0
18980,2/10/2021,Wed,Feb,witer,0,0,0
18981,2/11/2021,Thu,Feb,witer,0,0,0
18982,2/12/2021,Fri,Feb,witer,0,0,0
18983,2/13/2021,Sat,Feb,witer,0,0,0
18984,2/14/2021,Sun,Feb,witer,0,0,0
18985,2/15/2021,Mon,Feb,witer,0,0,0
18986,2/16/2021,Tue,Feb,witer,0,0,0
18987,2/17/2021,Wed,Feb,witer,0,0,0
18988,2/18/2021,Thu,Feb,witer,0,0,0
18989,2/19/2021,Fri,Feb,witer,0,0,0
18990,2/20/2021,Sat,Feb,witer,0,0,0
18991,2/21/2021,Sun,Feb,witer,0,0,0
18992,2/22/2021,Mon,Feb,witer,0,0,0
18993,2/23/2021,Tue,Feb,witer,0,0,0
18994,2/24/2021,Wed,Feb,witer,0,0,0
18995,2/25/2021,Thu,Feb,witer,0,0,0
18996,2/26/2021,Fri,Feb,witer,0,0,0
18997,2/27/2021,Sat,Feb,witer,0,0,0
18998,2/28/2021,Sun,Feb,witer,0,0,0
19071,3/1/2021,Mon,Mar,witer,0,0,0
19072,3/2/2021,Tue,Mar,witer,0,0,0
19073,3/3/2021,Wed,Mar,witer,0,0,0
19074,3/4/2021,Thu,Mar,witer,0,0,0
19075,3/5/2021,Fri,Mar,witer,0,0,0
19076,3/6/2021,Sat,Mar,witer,0,0,0
19077,3/7/2021,Sun,Mar,witer,0,0,0
19078,3/8/2021,Mon,Mar,witer,0,0,0
19079,3/9/2021,Tue,Mar,witer,0,0,0
19080,3/10/2021,Wed,Mar,witer,0,0,0
19081,3/11/2021,Thu,Mar,witer,0,0,0
19082,3/12/2021,Fri,Mar,witer,0,0,0
19083,3/13/2021,Sat,Mar,witer,0,0,0
19084,3/14/2021,Sun,Mar,witer,0,0,0
19085,3/15/2021,Mon,Mar,witer,0,0,0
19086,3/16/2021,Tue,Mar,witer,0,0,0
19087,3/17/2021,Wed,Mar,witer,0,0,0
19088,3/18/2021,Thu,Mar,witer,0,0,0
19089,3/19/2021,Fri,Mar,witer,0,0,0
19090,3/20/2021,Sat,Mar,witer,0,0,0
19091,3/21/2021,Sun,Mar,witer,0,0,0
19092,3/22/2021,Mon,Mar,witer,0,0,0
19093,3/23/2021,Tue,Mar,witer,0,0,0
19094,3/24/2021,Wed,Mar,witer,0,0,0
19095,3/25/2021,Thu,Mar,witer,0,0,0
19096,3/26/2021,Fri,Mar,witer,0,0,0
19097,3/27/2021,Sat,Mar,witer,0,0,0
19098,3/28/2021,Sun,Mar,witer,0,0,0
19099,3/29/2021,Mon,Mar,witer,0,0,0
19100,3/30/2021,Tue,Mar,witer,0,0,0
19101,3/31/2021,Wed,Mar,witer,0,0,0
19171,4/1/2021,Thu,Apr,witer,0,0,0
19172,4/2/2021,Fri,Apr,witer,0,0,0
19173,4/3/2021,Sat,Apr,witer,0,0,0
19174,4/4/2021,Sun,Apr,witer,0,0,0
19175,4/5/2021,Mon,Apr,witer,0,0,0
19176,4/6/2021,Tue,Apr,witer,0,0,0
19177,4/7/2021,Wed,Apr,witer,0,0,0
19178,4/8/2021,Thu,Apr,witer,0,0,0
19179,4/9/2021,Fri,Apr,witer,0,0,0
19180,4/10/2021,Sat,Apr,witer,0,0,0
19181,4/11/2021,Sun,Apr,witer,0,0,0
19182,4/12/2021,Mon,Apr,witer,0,0,0
19183,4/13/2021,Tue,Apr,witer,0,0,0
19184,4/14/2021,Wed,Apr,witer,0,0,0
19185,4/15/2021,Thu,Apr,witer,0,0,0
19186,4/16/2021,Fri,Apr,witer,0,0,0
19187,4/17/2021,Sat,Apr,witer,0,0,0
19188,4/18/2021,Sun,Apr,witer,0,0,0
19189,4/19/2021,Mon,Apr,witer,0,0,0
19190,4/20/2021,Tue,Apr,witer,0,0,0
19191,4/21/2021,Wed,Apr,witer,0,0,0
19192,4/22/2021,Thu,Apr,witer,0,0,0
19193,4/23/2021,Fri,Apr,witer,0,0,0
19194,4/24/2021,Sat,Apr,witer,0,0,0
19195,4/25/2021,Sun,Apr,witer,0,0,0
19196,4/26/2021,Mon,Apr,witer,0,0,0
19197,4/27/2021,Tue,Apr,witer,0,0,0
19198,4/28/2021,Wed,Apr,witer,0,0,0
19199,4/29/2021,Thu,Apr,witer,0,0,0
19200,4/30/2021,Fri,Apr,witer,0,0,0
19271,5/1/2021,Sat,May,witer,0,0,0
19272,5/2/2021,Sun,May,witer,0,0,0
19273,5/3/2021,Mon,May,witer,0,0,0
19274,5/4/2021,Tue,May,witer,0,0,0
19275,5/5/2021,Wed,May,witer,0,0,0
19276,5/6/2021,Thu,May,witer,0,0,0
19277,5/7/2021,Fri,May,witer,0,0,0
19278,5/8/2021,Sat,May,witer,0,0,0
19279,5/9/2021,Sun,May,witer,0,0,0
19280,5/10/2021,Mon,May,witer,0,0,0
19281,5/11/2021,Tue,May,witer,0,0,0
19282,5/12/2021,Wed,May,witer,0,0,0
19283,5/13/2021,Thu,May,witer,0,0,0
19284,5/14/2021,Fri,May,witer,0,0,0
19285,5/15/2021,Sat,May,witer,0,0,0
19286,5/16/2021,Sun,May,witer,0,0,0
19287,5/17/2021,Mon,May,witer,0,0,0
19288,5/18/2021,Tue,May,witer,0,0,0
19289,5/19/2021,Wed,May,witer,0,0,0
19290,5/20/2021,Thu,May,witer,0,0,0
19291,5/21/2021,Fri,May,witer,0,0,0
19292,5/22/2021,Sat,May,witer,0,0,0
19293,5/23/2021,Sun,May,witer,0,0,0
19294,5/24/2021,Mon,May,witer,0,0,0
19295,5/25/2021,Tue,May,witer,0,0,0
19296,5/26/2021,Wed,May,witer,0,0,0
19297,5/27/2021,Thu,May,witer,0,0,0
19298,5/28/2021,Fri,May,witer,0,0,0
19299,5/29/2021,Sat,May,witer,0,0,0
19300,5/30/2021,Sun,May,witer,0,0,0
19301,5/31/2021,Mon,May,witer,0,0,0
19371,6/1/2021,Tue,Jun,witer,0,0,0
19372,6/2/2021,Wed,Jun,witer,0,0,0
19373,6/3/2021,Thu,Jun,witer,0,0,0
19374,6/4/2021,Fri,Jun,witer,0,0,0
19375,6/5/2021,Sat,Jun,witer,0,0,0
19376,6/6/2021,Sun,Jun,witer,0,0,0
19377,6/7/2021,Mon,Jun,witer,0,0,0
19378,6/8/2021,Tue,Jun,witer,0,0,0
19379,6/9/2021,Wed,Jun,witer,0,0,0
19380,6/10/2021,Thu,Jun,witer,0,0,0
19381,6/11/2021,Fri,Jun,witer,0,0,0
19382,6/12/2021,Sat,Jun,witer,0,0,0
19383,6/13/2021,Sun,Jun,witer,0,0,0
19384,6/14/2021,Mon,Jun,witer,0,0,0
19385,6/15/2021,Tue,Jun,witer,0,0,0
19386,6/16/2021,Wed,Jun,witer,0,0,0
19387,6/17/2021,Thu,Jun,witer,0,0,0
19388,6/18/2021,Fri,Jun,witer,0,0,0
19389,6/19/2021,Sat,Jun,witer,0,0,0
19390,6/20/2021,Sun,Jun,witer,0,0,0
19391,6/21/2021,Mon,Jun,witer,0,0,0
19392,6/22/2021,Tue,Jun,witer,0,0,0
19393,6/23/2021,Wed,Jun,witer,0,0,0
19394,6/24/2021,Thu,Jun,witer,0,0,0
19395,6/25/2021,Fri,Jun,witer,0,0,0
19396,6/26/2021,Sat,Jun,witer,0,0,0
19397,6/27/2021,Sun,Jun,witer,0,0,0
19398,6/28/2021,Mon,Jun,witer,0,0,0
19399,6/29/2021,Tue,Jun,witer,0,0,0
19400,6/30/2021,Wed,Jun,witer,0,0,0
19471,7/1/2021,Thu,Jul,witer,0,0,0
19472,7/2/2021,Fri,Jul,witer,0,0,0
19473,7/3/2021,Sat,Jul,witer,0,0,0
19474,7/4/2021,Sun,Jul,witer,0,0,0
19475,7/5/2021,Mon,Jul,witer,0,0,0
19476,7/6/2021,Tue,Jul,witer,0,0,0
19477,7/7/2021,Wed,Jul,witer,0,0,0
19478,7/8/2021,Thu,Jul,witer,0,0,0
19479,7/9/2021,Fri,Jul,witer,0,0,0
19480,7/10/2021,Sat,Jul,witer,0,0,0
19481,7/11/2021,Sun,Jul,witer,0,0,0
19482,7/12/2021,Mon,Jul,witer,0,0,0
19483,7/13/2021,Tue,Jul,witer,0,0,0
19484,7/14/2021,Wed,Jul,witer,0,0,0
19485,7/15/2021,Thu,Jul,witer,0,0,0
19486,7/16/2021,Fri,Jul,witer,0,0,0
19487,7/17/2021,Sat,Jul,witer,0,0,0
19488,7/18/2021,Sun,Jul,witer,0,0,0
19489,7/19/2021,Mon,Jul,witer,0,0,0
19490,7/20/2021,Tue,Jul,witer,0,0,0
19491,7/21/2021,Wed,Jul,witer,0,0,0
19492,7/22/2021,Thu,Jul,witer,0,0,0
19493,7/23/2021,Fri,Jul,witer,0,0,0
19494,7/24/2021,Sat,Jul,witer,0,0,0
19495,7/25/2021,Sun,Jul,witer,0,0,0
19496,7/26/2021,Mon,Jul,witer,0,0,0
19497,7/27/2021,Tue,Jul,witer,0,0,0
19498,7/28/2021,Wed,Jul,witer,0,0,0
19499,7/29/2021,Thu,Jul,witer,0,0,0
19500,7/30/2021,Fri,Jul,witer,0,0,0
19501,7/31/2021,Sat,Jul,witer,0,0,0
19571,8/1/2021,Sun,Aug,witer,0,0,0
19572,8/2/2021,Mon,Aug,witer,0,0,0
19573,8/3/2021,Tue,Aug,witer,0,0,0
19574,8/4/2021,Wed,Aug,witer,0,0,0
19575,8/5/2021,Thu,Aug,witer,0,0,0
19576,8/6/2021,Fri,Aug,witer,0,0,0
19577,8/7/2021,Sat,Aug,witer,0,0,0
19578,8/8/2021,Sun,Aug,witer,0,0,0
19579,8/9/2021,Mon,Aug,witer,0,0,0
19580,8/10/2021,Tue,Aug,witer,0,0,0
19581,8/11/2021,Wed,Aug,witer,0,0,0
19582,8/12/2021,Thu,Aug,witer,0,0,0
19583,8/13/2021,Fri,Aug,witer,0,0,0
19584,8/14/2021,Sat,Aug,witer,0,0,0
19585,8/15/2021,Sun,Aug,witer,0,0,0
19586,8/16/2021,Mon,Aug,witer,0,0,0
19587,8/17/2021,Tue,Aug,witer,0,0,0
19588,8/18/2021,Wed,Aug,witer,0,0,0
19589,8/19/2021,Thu,Aug,witer,0,0,0
19590,8/20/2021,Fri,Aug,witer,0,0,0
19591,8/21/2021,Sat,Aug,witer,0,0,0
19592,8/22/2021,Sun,Aug,witer,0,0,0
19593,8/23/2021,Mon,Aug,witer,0,0,0
19594,8/24/2021,Tue,Aug,witer,0,0,0
19595,8/25/2021,Wed,Aug,witer,0,0,0
19596,8/26/2021,Thu,Aug,witer,0,0,0
19597,8/27/2021,Fri,Aug,witer,0,0,0
19598,8/28/2021,Sat,Aug,witer,0,0,0
19599,8/29/2021,Sun,Aug,witer,0,0,0
19600,8/30/2021,Mon,Aug,witer,0,0,0
19601,8/31/2021,Tue,Aug,witer,0,0,0
19671,9/1/2021,Wed,Sep,witer,0,0,0
19672,9/2/2021,Thu,Sep,witer,0,0,0
19673,9/3/2021,Fri,Sep,witer,0,0,0
19674,9/4/2021,Sat,Sep,witer,0,0,0
19675,9/5/2021,Sun,Sep,witer,0,0,0
19676,9/6/2021,Mon,Sep,witer,0,0,0
19677,9/7/2021,Tue,Sep,witer,0,0,0
19678,9/8/2021,Wed,Sep,witer,0,0,0
19679,9/9/2021,Thu,Sep,witer,0,0,0
19680,9/10/2021,Fri,Sep,witer,0,0,0
19681,9/11/2021,Sat,Sep,witer,0,0,0
19682,9/12/2021,Sun,Sep,witer,0,0,0
19683,9/13/2021,Mon,Sep,witer,0,0,0
19684,9/14/2021,Tue,Sep,witer,0,0,0
19685,9/15/2021,Wed,Sep,witer,0,0,0
19686,9/16/2021,Thu,Sep,witer,0,0,0
19687,9/17/2021,Fri,Sep,witer,0,0,0
19688,9/18/2021,Sat,Sep,witer,0,0,0
19689,9/19/2021,Sun,Sep,witer,0,0,0
19690,9/20/2021,Mon,Sep,witer,0,0,0
19691,9/21/2021,Tue,Sep,witer,0,0,0
19692,9/22/2021,Wed,Sep,witer,0,0,0
19693,9/23/2021,Thu,Sep,witer,0,0,0
19694,9/24/2021,Fri,Sep,witer,0,0,0
19695,9/25/2021,Sat,Sep,witer,0,0,0
19696,9/26/2021,Sun,Sep,witer,0,0,0
19697,9/27/2021,Mon,Sep,witer,0,0,0
19698,9/28/2021,Tue,Sep,witer,0,0,0
19699,9/29/2021,Wed,Sep,witer,0,0,0
19700,9/30/2021,Thu,Sep,witer,0,0,0
19771,10/1/2021,Fri,Oct,witer,0,0,0
19772,10/2/2021,Sat,Oct,witer,0,0,0
19773,10/3/2021,Sun,Oct,witer,0,0,0
19774,10/4/2021,Mon,Oct,witer,0,0,0
19775,10/5/2021,Tue,Oct,witer,0,0,0
19776,10/6/2021,Wed,Oct,witer,0,0,0
19777,10/7/2021,Thu,Oct,witer,0,0,0
19778,10/8/2021,Fri,Oct,witer,0,0,0
19779,10/9/2021,Sat,Oct,witer,0,0,0
19780,10/10/2021,Sun,Oct,witer,0,0,0
19781,10/11/2021,Mon,Oct,witer,0,0,0
19782,10/12/2021,Tue,Oct,witer,0,0,0
19783,10/13/2021,Wed,Oct,witer,0,0,0
19784,10/14/2021,Thu,Oct,witer,0,0,0
19785,10/15/2021,Fri,Oct,witer,0,0,0
19786,10/16/2021,Sat,Oct,witer,0,0,0
19787,10/17/2021,Sun,Oct,witer,0,0,0
19788,10/18/2021,Mon,Oct,witer,0,0,0
19789,10/19/2021,Tue,Oct,witer,0,0,0
19790,10/20/2021,Wed,Oct,witer,0,0,0
19791,10/21/2021,Thu,Oct,witer,0,0,0
19792,10/22/2021,Fri,Oct,witer,0,0,0
19793,10/23/2021,Sat,Oct,witer,0,0,0
19794,10/24/2021,Sun,Oct,witer,0,0,0
19795,10/25/2021,Mon,Oct,witer,0,0,0
19796,10/26/2021,Tue,Oct,witer,0,0,0
19797,10/27/2021,Wed,Oct,witer,0,0,0
19798,10/28/2021,Thu,Oct,witer,0,0,0
19799,10/29/2021,Fri,Oct,witer,0,0,0
19800,10/30/2021,Sat,Oct,witer,0,0,0
19801,10/31/2021,Sun,Oct,witer,0,0,0
19871,11/1/2021,Mon,Nov,witer,0,0,0
19872,11/2/2021,Tue,Nov,witer,0,0,0
19873,11/3/2021,Wed,Nov,witer,0,0,0
19874,11/4/2021,Thu,Nov,witer,0,0,0
19875,11/5/2021,Fri,Nov,witer,0,0,0
19876,11/6/2021,Sat,Nov,witer,0,0,0
19877,11/7/2021,Sun,Nov,witer,0,0,0
19878,11/8/2021,Mon,Nov,witer,0,0,0
19879,11/9/2021,Tue,Nov,witer,0,0,0
19880,11/10/2021,Wed,Nov,witer,0,0,0
19881,11/11/2021,Thu,Nov,witer,0,0,0
19882,11/12/2021,Fri,Nov,witer,0,0,0
19883,11/13/2021,Sat,Nov,witer,0,0,0
19884,11/14/2021,Sun,Nov,witer,0,0,0
19885,11/15/2021,Mon,Nov,witer,0,0,0
19886,11/16/2021,Tue,Nov,witer,0,0,0
19887,11/17/2021,Wed,Nov,witer,0,0,0
19888,11/18/2021,Thu,Nov,witer,0,0,0
19889,11/19/2021,Fri,Nov,witer,0,0,0
19890,11/20/2021,Sat,Nov,witer,0,0,0
19891,11/21/2021,Sun,Nov,witer,0,0,0
19892,11/22/2021,Mon,Nov,witer,0,0,0
19893,11/23/2021,Tue,Nov,witer,0,0,0
19894,11/24/2021,Wed,Nov,witer,0,0,0
19895,11/25/2021,Thu,Nov,witer,0,0,0
19896,11/26/2021,Fri,Nov,witer,0,0,0
19897,11/27/2021,Sat,Nov,witer,0,0,0
19898,11/28/2021,Sun,Nov,witer,0,0,0
19899,11/29/2021,Mon,Nov,witer,0,0,0
19900,11/30/2021,Tue,Nov,witer,0,0,0
19971,12/1/2021,Wed,Dec,witer,0,0,0
19972,12/2/2021,Thu,Dec,witer,0,0,0
19973,12/3/2021,Fri,Dec,witer,0,0,0
19974,12/4/2021,Sat,Dec,witer,0,0,0
19975,12/5/2021,Sun,Dec,witer,0,0,0
19976,12/6/2021,Mon,Dec,witer,0,0,0
19977,12/7/2021,Tue,Dec,witer,0,0,0
19978,12/8/2021,Wed,Dec,witer,0,0,0
19979,12/9/2021,Thu,Dec,witer,0,0,0
19980,12/10/2021,Fri,Dec,witer,0,0,0
19981,12/11/2021,Sat,Dec,witer,0,0,0
19982,12/12/2021,Sun,Dec,witer,0,0,0
19983,12/13/2021,Mon,Dec,witer,0,0,0
19984,12/14/2021,Tue,Dec,witer,0,0,0
19985,12/15/2021,Wed,Dec,witer,0,0,0
19986,12/16/2021,Thu,Dec,witer,0,0,0
19987,12/17/2021,Fri,Dec,witer,0,0,0
19988,12/18/2021,Sat,Dec,witer,0,0,0
19989,12/19/2021,Sun,Dec,witer,0,0,0
19990,12/20/2021,Mon,Dec,witer,0,0,0
19991,12/21/2021,Tue,Dec,witer,0,0,0
19992,12/22/2021,Wed,Dec,witer,0,0,0
19993,12/23/2021,Thu,Dec,witer,0,0,0
19994,12/24/2021,Fri,Dec,witer,0,0,0
19995,12/25/2021,Sat,Dec,witer,0,0,0
19996,12/26/2021,Sun,Dec,witer,0,0,0
19997,12/27/2021,Mon,Dec,witer,0,0,0
19998,12/28/2021,Tue,Dec,witer,0,0,0
19999,12/29/2021,Wed,Dec,witer,0,0,0
20000,12/30/2021,Thu,Dec,witer,0,0,0
20001,12/31/2021,Fri,Dec,witer,0,0,0
28871,1/1/2022,Sat,Jan,witer,0,0,0
28872,1/2/2022,Sun,Jan,witer,0,0,0
28873,1/3/2022,Mon,Jan,witer,0,0,0
28874,1/4/2022,Tue,Jan,witer,0,0,0
28875,1/5/2022,Wed,Jan,witer,0,0,0
28876,1/6/2022,Thu,Jan,witer,0,0,0
28877,1/7/2022,Fri,Jan,witer,0,0,0
28878,1/8/2022,Sat,Jan,witer,0,0,0
28879,1/9/2022,Sun,Jan,witer,0,0,0
28880,1/10/2022,Mon,Jan,witer,0,0,0
28881,1/11/2022,Tue,Jan,witer,0,0,0
28882,1/12/2022,Wed,Jan,witer,0,0,0
28883,1/13/2022,Thu,Jan,witer,0,0,0
28884,1/14/2022,Fri,Jan,witer,0,0,0
28885,1/15/2022,Sat,Jan,witer,0,0,0
28886,1/16/2022,Sun,Jan,witer,0,0,0
28887,1/17/2022,Mon,Jan,witer,0,0,0
28888,1/18/2022,Tue,Jan,witer,0,0,0
28889,1/19/2022,Wed,Jan,witer,0,0,0
28890,1/20/2022,Thu,Jan,witer,0,0,0
28891,1/21/2022,Fri,Jan,witer,0,0,0
28892,1/22/2022,Sat,Jan,witer,0,0,0
28893,1/23/2022,Sun,Jan,witer,0,0,0
28894,1/24/2022,Mon,Jan,witer,0,0,0
28895,1/25/2022,Tue,Jan,witer,0,0,0
28896,1/26/2022,Wed,Jan,witer,0,0,0
28897,1/27/2022,Thu,Jan,witer,0,0,0
28898,1/28/2022,Fri,Jan,witer,0,0,0
28899,1/29/2022,Sat,Jan,witer,0,0,0
28900,1/30/2022,Sun,Jan,witer,0,0,0
28901,1/31/2022,Mon,Jan,witer,0,0,0
28971,2/1/2022,Tue,Feb,witer,0,0,0
28972,2/2/2022,Wed,Feb,witer,0,0,0
28973,2/3/2022,Thu,Feb,witer,0,0,0
28974,2/4/2022,Fri,Feb,witer,0,0,0
28975,2/5/2022,Sat,Feb,witer,0,0,0
28976,2/6/2022,Sun,Feb,witer,0,0,0
28977,2/7/2022,Mon,Feb,witer,0,0,0
28978,2/8/2022,Tue,Feb,witer,0,0,0
28979,2/9/2022,Wed,Feb,witer,0,0,0
28980,2/10/2022,Thu,Feb,witer,0,0,0
28981,2/11/2022,Fri,Feb,witer,0,0,0
28982,2/12/2022,Sat,Feb,witer,0,0,0
28983,2/13/2022,Sun,Feb,witer,0,0,0
28984,2/14/2022,Mon,Feb,witer,0,0,0
28985,2/15/2022,Tue,Feb,witer,0,0,0
28986,2/16/2022,Wed,Feb,witer,0,0,0
28987,2/17/2022,Thu,Feb,witer,0,0,0
28988,2/18/2022,Fri,Feb,witer,0,0,0
28989,2/19/2022,Sat,Feb,witer,0,0,0
28990,2/20/2022,Sun,Feb,witer,0,0,0
28991,2/21/2022,Mon,Feb,witer,0,0,0
28992,2/22/2022,Tue,Feb,witer,0,0,0
28993,2/23/2022,Wed,Feb,witer,0,0,0
28994,2/24/2022,Thu,Feb,witer,0,0,0
28995,2/25/2022,Fri,Feb,witer,0,0,0
28996,2/26/2022,Sat,Feb,witer,0,0,0
28997,2/27/2022,Sun,Feb,witer,0,0,0
28998,2/28/2022,Mon,Feb,witer,0,0,0
29071,3/1/2022,Tue,Mar,witer,0,0,0
29072,3/2/2022,Wed,Mar,witer,0,0,0
29073,3/3/2022,Thu,Mar,witer,0,0,0
29074,3/4/2022,Fri,Mar,witer,0,0,0
29075,3/5/2022,Sat,Mar,witer,0,0,0
29076,3/6/2022,Sun,Mar,witer,0,0,0
29077,3/7/2022,Mon,Mar,witer,0,0,0
29078,3/8/2022,Tue,Mar,witer,0,0,0
29079,3/9/2022,Wed,Mar,witer,0,0,0
29080,3/10/2022,Thu,Mar,witer,0,0,0
29081,3/11/2022,Fri,Mar,witer,0,0,0
29082,3/12/2022,Sat,Mar,witer,0,0,0
29083,3/13/2022,Sun,Mar,witer,0,0,0
29084,3/14/2022,Mon,Mar,witer,0,0,0
29085,3/15/2022,Tue,Mar,witer,0,0,0
29086,3/16/2022,Wed,Mar,witer,0,0,0
29087,3/17/2022,Thu,Mar,witer,0,0,0
29088,3/18/2022,Fri,Mar,witer,0,0,0
29089,3/19/2022,Sat,Mar,witer,0,0,0
29090,3/20/2022,Sun,Mar,witer,0,0,0
29091,3/21/2022,Mon,Mar,witer,0,0,0
29092,3/22/2022,Tue,Mar,witer,0,0,0
29093,3/23/2022,Wed,Mar,witer,0,0,0
29094,3/24/2022,Thu,Mar,witer,0,0,0
29095,3/25/2022,Fri,Mar,witer,0,0,0
29096,3/26/2022,Sat,Mar,witer,0,0,0
29097,3/27/2022,Sun,Mar,witer,0,0,0
29098,3/28/2022,Mon,Mar,witer,0,0,0
29099,3/29/2022,Tue,Mar,witer,0,0,0
29100,3/30/2022,Wed,Mar,witer,0,0,0
29101,3/31/2022,Thu,Mar,witer,0,0,0
29171,4/1/2022,Fri,Apr,witer,0,0,0
29172,4/2/2022,Sat,Apr,witer,0,0,0
29173,4/3/2022,Sun,Apr,witer,0,0,0
29174,4/4/2022,Mon,Apr,witer,0,0,0
29175,4/5/2022,Tue,Apr,witer,0,0,0
29176,4/6/2022,Wed,Apr,witer,0,0,0
29177,4/7/2022,Thu,Apr,witer,0,0,0
29178,4/8/2022,Fri,Apr,witer,0,0,0
29179,4/9/2022,Sat,Apr,witer,0,0,0
29180,4/10/2022,Sun,Apr,witer,0,0,0
29181,4/11/2022,Mon,Apr,witer,0,0,0
29182,4/12/2022,Tue,Apr,witer,0,0,0
29183,4/13/2022,Wed,Apr,witer,0,0,0
29184,4/14/2022,Thu,Apr,witer,0,0,0
29185,4/15/2022,Fri,Apr,witer,0,0,0
29186,4/16/2022,Sat,Apr,witer,0,0,0
29187,4/17/2022,Sun,Apr,witer,0,0,0
29188,4/18/2022,Mon,Apr,witer,0,0,0
29189,4/19/2022,Tue,Apr,witer,0,0,0
29190,4/20/2022,Wed,Apr,witer,0,0,0
29191,4/21/2022,Thu,Apr,witer,0,0,0
29192,4/22/2022,Fri,Apr,witer,0,0,0
29193,4/23/2022,Sat,Apr,witer,0,0,0
29194,4/24/2022,Sun,Apr,witer,0,0,0
29195,4/25/2022,Mon,Apr,witer,0,0,0
29196,4/26/2022,Tue,Apr,witer,0,0,0
29197,4/27/2022,Wed,Apr,witer,0,0,0
29198,4/28/2022,Thu,Apr,witer,0,0,0
29199,4/29/2022,Fri,Apr,witer,0,0,0
29200,4/30/2022,Sat,Apr,witer,0,0,0
29271,5/1/2022,Sun,May,witer,0,0,0
29272,5/2/2022,Mon,May,witer,0,0,0
29273,5/3/2022,Tue,May,witer,0,0,0
29274,5/4/2022,Wed,May,witer,0,0,0
29275,5/5/2022,Thu,May,witer,0,0,0
29276,5/6/2022,Fri,May,witer,0,0,0
29277,5/7/2022,Sat,May,witer,0,0,0
29278,5/8/2022,Sun,May,witer,0,0,0
29279,5/9/2022,Mon,May,witer,0,0,0
29280,5/10/2022,Tue,May,witer,0,0,0
29281,5/11/2022,Wed,May,witer,0,0,0
29282,5/12/2022,Thu,May,witer,0,0,0
29283,5/13/2022,Fri,May,witer,0,0,0
29284,5/14/2022,Sat,May,witer,0,0,0
29285,5/15/2022,Sun,May,witer,0,0,0
29286,5/16/2022,Mon,May,witer,0,0,0
29287,5/17/2022,Tue,May,witer,0,0,0
29288,5/18/2022,Wed,May,witer,0,0,0
29289,5/19/2022,Thu,May,witer,0,0,0
29290,5/20/2022,Fri,May,witer,0,0,0
29291,5/21/2022,Sat,May,witer,0,0,0
29292,5/22/2022,Sun,May,witer,0,0,0
29293,5/23/2022,Mon,May,witer,0,0,0
29294,5/24/2022,Tue,May,witer,0,0,0
29295,5/25/2022,Wed,May,witer,0,0,0
29296,5/26/2022,Thu,May,witer,0,0,0
29297,5/27/2022,Fri,May,witer,0,0,0
29298,5/28/2022,Sat,May,witer,0,0,0
29299,5/29/2022,Sun,May,witer,0,0,0
29300,5/30/2022,Mon,May,witer,0,0,0
29301,5/31/2022,Tue,May,witer,0,0,0
29371,6/1/2022,Wed,Jun,witer,0,0,0
29372,6/2/2022,Thu,Jun,witer,0,0,0
29373,6/3/2022,Fri,Jun,witer,0,0,0
29374,6/4/2022,Sat,Jun,witer,0,0,0
29375,6/5/2022,Sun,Jun,witer,0,0,0
29376,6/6/2022,Mon,Jun,witer,0,0,0
29377,6/7/2022,Tue,Jun,witer,0,0,0
29378,6/8/2022,Wed,Jun,witer,0,0,0
29379,6/9/2022,Thu,Jun,witer,0,0,0
29380,6/10/2022,Fri,Jun,witer,0,0,0
29381,6/11/2022,Sat,Jun,witer,0,0,0
29382,6/12/2022,Sun,Jun,witer,0,0,0
29383,6/13/2022,Mon,Jun,witer,0,0,0
29384,6/14/2022,Tue,Jun,witer,0,0,0
29385,6/15/2022,Wed,Jun,witer,0,0,0
29386,6/16/2022,Thu,Jun,witer,0,0,0
29387,6/17/2022,Fri,Jun,witer,0,0,0
29388,6/18/2022,Sat,Jun,witer,0,0,0
29389,6/19/2022,Sun,Jun,witer,0,0,0
29390,6/20/2022,Mon,Jun,witer,0,0,0
29391,6/21/2022,Tue,Jun,witer,0,0,0
29392,6/22/2022,Wed,Jun,witer,0,0,0
29393,6/23/2022,Thu,Jun,witer,0,0,0
29394,6/24/2022,Fri,Jun,witer,0,0,0
29395,6/25/2022,Sat,Jun,witer,0,0,0
29396,6/26/2022,Sun,Jun,witer,0,0,0
29397,6/27/2022,Mon,Jun,witer,0,0,0
29398,6/28/2022,Tue,Jun,witer,0,0,0
29399,6/29/2022,Wed,Jun,witer,0,0,0
29400,6/30/2022,Thu,Jun,witer,0,0,0
29471,7/1/2022,Fri,Jul,witer,0,0,0
29472,7/2/2022,Sat,Jul,witer,0,0,0
29473,7/3/2022,Sun,Jul,witer,0,0,0
29474,7/4/2022,Mon,Jul,witer,0,0,0
29475,7/5/2022,Tue,Jul,witer,0,0,0
29476,7/6/2022,Wed,Jul,witer,0,0,0
29477,7/7/2022,Thu,Jul,witer,0,0,0
29478,7/8/2022,Fri,Jul,witer,0,0,0
29479,7/9/2022,Sat,Jul,witer,0,0,0
29480,7/10/2022,Sun,Jul,witer,0,0,0
29481,7/11/2022,Mon,Jul,witer,0,0,0
29482,7/12/2022,Tue,Jul,witer,0,0,0
29483,7/13/2022,Wed,Jul,witer,0,0,0
29484,7/14/2022,Thu,Jul,witer,0,0,0
29485,7/15/2022,Fri,Jul,witer,0,0,0
29486,7/16/2022,Sat,Jul,witer,0,0,0
29487,7/17/2022,Sun,Jul,witer,0,0,0
29488,7/18/2022,Mon,Jul,witer,0,0,0
29489,7/19/2022,Tue,Jul,witer,0,0,0
29490,7/20/2022,Wed,Jul,witer,0,0,0
29491,7/21/2022,Thu,Jul,witer,0,0,0
29492,7/22/2022,Fri,Jul,witer,0,0,0
29493,7/23/2022,Sat,Jul,witer,0,0,0
29494,7/24/2022,Sun,Jul,witer,0,0,0
29495,7/25/2022,Mon,Jul,witer,0,0,0
29496,7/26/2022,Tue,Jul,witer,0,0,0
29497,7/27/2022,Wed,Jul,witer,0,0,0
29498,7/28/2022,Thu,Jul,witer,0,0,0
29499,7/29/2022,Fri,Jul,witer,0,0,0
29500,7/30/2022,Sat,Jul,witer,0,0,0
29501,7/31/2022,Sun,Jul,witer,0,0,0
29571,8/1/2022,Mon,Aug,witer,0,0,0
29572,8/2/2022,Tue,Aug,witer,0,0,0
29573,8/3/2022,Wed,Aug,witer,0,0,0
29574,8/4/2022,Thu,Aug,witer,0,0,0
29575,8/5/2022,Fri,Aug,witer,0,0,0
29576,8/6/2022,Sat,Aug,witer,0,0,0
29577,8/7/2022,Sun,Aug,witer,0,0,0
29578,8/8/2022,Mon,Aug,witer,0,0,0
29579,8/9/2022,Tue,Aug,witer,0,0,0
29580,8/10/2022,Wed,Aug,witer,0,0,0
29581,8/11/2022,Thu,Aug,witer,0,0,0
29582,8/12/2022,Fri,Aug,witer,0,0,0
29583,8/13/2022,Sat,Aug,witer,0,0,0
29584,8/14/2022,Sun,Aug,witer,0,0,0
29585,8/15/2022,Mon,Aug,witer,0,0,0
29586,8/16/2022,Tue,Aug,witer,0,0,0
29587,8/17/2022,Wed,Aug,witer,0,0,0
29588,8/18/2022,Thu,Aug,witer,0,0,0
29589,8/19/2022,Fri,Aug,witer,0,0,0
29590,8/20/2022,Sat,Aug,witer,0,0,0
29591,8/21/2022,Sun,Aug,witer,0,0,0
29592,8/22/2022,Mon,Aug,witer,0,0,0
29593,8/23/2022,Tue,Aug,witer,0,0,0
29594,8/24/2022,Wed,Aug,witer,0,0,0
29595,8/25/2022,Thu,Aug,witer,0,0,0
29596,8/26/2022,Fri,Aug,witer,0,0,0
29597,8/27/2022,Sat,Aug,witer,0,0,0
29598,8/28/2022,Sun,Aug,witer,0,0,0
29599,8/29/2022,Mon,Aug,witer,0,0,0
29600,8/30/2022,Tue,Aug,witer,0,0,0
29601,8/31/2022,Wed,Aug,witer,0,0,0
29671,9/1/2022,Thu,Sep,witer,0,0,0
29672,9/2/2022,Fri,Sep,witer,0,0,0
29673,9/3/2022,Sat,Sep,witer,0,0,0
29674,9/4/2022,Sun,Sep,witer,0,0,0
29675,9/5/2022,Mon,Sep,witer,0,0,0
29676,9/6/2022,Tue,Sep,witer,0,0,0
29677,9/7/2022,Wed,Sep,witer,0,0,0
29678,9/8/2022,Thu,Sep,witer,0,0,0
29679,9/9/2022,Fri,Sep,witer,0,0,0
29680,9/10/2022,Sat,Sep,witer,0,0,0
29681,9/11/2022,Sun,Sep,witer,0,0,0
29682,9/12/2022,Mon,Sep,witer,0,0,0
29683,9/13/2022,Tue,Sep,witer,0,0,0
29684,9/14/2022,Wed,Sep,witer,0,0,0
29685,9/15/2022,Thu,Sep,witer,0,0,0
29686,9/16/2022,Fri,Sep,witer,0,0,0
29687,9/17/2022,Sat,Sep,witer,0,0,0
29688,9/18/2022,Sun,Sep,witer,0,0,0
29689,9/19/2022,Mon,Sep,witer,0,0,0
29690,9/20/2022,Tue,Sep,witer,0,0,0
29691,9/21/2022,Wed,Sep,witer,0,0,0
29692,9/22/2022,Thu,Sep,witer,0,0,0
29693,9/23/2022,Fri,Sep,witer,0,0,0
29694,9/24/2022,Sat,Sep,witer,0,0,0
29695,9/25/2022,Sun,Sep,witer,0,0,0
29696,9/26/2022,Mon,Sep,witer,0,0,0
29697,9/27/2022,Tue,Sep,witer,0,0,0
29698,9/28/2022,Wed,Sep,witer,0,0,0
29699,9/29/2022,Thu,Sep,witer,0,0,0
29700,9/30/2022,Fri,Sep,witer,0,0,0
29771,10/1/2022,Sat,Oct,witer,0,0,0
29772,10/2/2022,Sun,Oct,witer,0,0,0
29773,10/3/2022,Mon,Oct,witer,0,0,0
29774,10/4/2022,Tue,Oct,witer,0,0,0
29775,10/5/2022,Wed,Oct,witer,0,0,0
29776,10/6/2022,Thu,Oct,witer,0,0,0
29777,10/7/2022,Fri,Oct,witer,0,0,0
29778,10/8/2022,Sat,Oct,witer,0,0,0
29779,10/9/2022,Sun,Oct,witer,0,0,0
29780,10/10/2022,Mon,Oct,witer,0,0,0
29781,10/11/2022,Tue,Oct,witer,0,0,0
29782,10/12/2022,Wed,Oct,witer,0,0,0
29783,10/13/2022,Thu,Oct,witer,0,0,0
29784,10/14/2022,Fri,Oct,witer,0,0,0
29785,10/15/2022,Sat,Oct,witer,0,0,0
29786,10/16/2022,Sun,Oct,witer,0,0,0
29787,10/17/2022,Mon,Oct,witer,0,0,0
29788,10/18/2022,Tue,Oct,witer,0,0,0
29789,10/19/2022,Wed,Oct,witer,0,0,0
29790,10/20/2022,Thu,Oct,witer,0,0,0
29791,10/21/2022,Fri,Oct,witer,0,0,0
29792,10/22/2022,Sat,Oct,witer,0,0,0
29793,10/23/2022,Sun,Oct,witer,0,0,0
29794,10/24/2022,Mon,Oct,witer,0,0,0
29795,10/25/2022,Tue,Oct,witer,0,0,0
29796,10/26/2022,Wed,Oct,witer,0,0,0
29797,10/27/2022,Thu,Oct,witer,0,0,0
29798,10/28/2022,Fri,Oct,witer,0,0,0
29799,10/29/2022,Sat,Oct,witer,0,0,0
29800,10/30/2022,Sun,Oct,witer,0,0,0
29801,10/31/2022,Mon,Oct,witer,0,0,0
29871,11/1/2022,Tue,Nov,witer,0,0,0
29872,11/2/2022,Wed,Nov,witer,0,0,0
29873,11/3/2022,Thu,Nov,witer,0,0,0
29874,11/4/2022,Fri,Nov,witer,0,0,0
29875,11/5/2022,Sat,Nov,witer,0,0,0
29876,11/6/2022,Sun,Nov,witer,0,0,0
29877,11/7/2022,Mon,Nov,witer,0,0,0
29878,11/8/2022,Tue,Nov,witer,0,0,0
29879,11/9/2022,Wed,Nov,witer,0,0,0
29880,11/10/2022,Thu,Nov,witer,0,0,0
29881,11/11/2022,Fri,Nov,witer,0,0,0
29882,11/12/2022,Sat,Nov,witer,0,0,0
29883,11/13/2022,Sun,Nov,witer,0,0,0
29884,11/14/2022,Mon,Nov,witer,0,0,0
29885,11/15/2022,Tue,Nov,witer,0,0,0
29886,11/16/2022,Wed,Nov,witer,0,0,0
29887,11/17/2022,Thu,Nov,witer,0,0,0
29888,11/18/2022,Fri,Nov,witer,0,0,0
29889,11/19/2022,Sat,Nov,witer,0,0,0
29890,11/20/2022,Sun,Nov,witer,0,0,0
29891,11/21/2022,Mon,Nov,witer,0,0,0
29892,11/22/2022,Tue,Nov,witer,0,0,0
29893,11/23/2022,Wed,Nov,witer,0,0,0
29894,11/24/2022,Thu,Nov,witer,0,0,0
29895,11/25/2022,Fri,Nov,witer,0,0,0
29896,11/26/2022,Sat,Nov,witer,0,0,0
29897,11/27/2022,Sun,Nov,witer,0,0,0
29898,11/28/2022,Mon,Nov,witer,0,0,0
29899,11/29/2022,Tue,Nov,witer,0,0,0
29900,11/30/2022,Wed,Nov,witer,0,0,0
29971,12/1/2022,Thu,Dec,witer,0,0,0
29972,12/2/2022,Fri,Dec,witer,0,0,0
29973,12/3/2022,Sat,Dec,witer,0,0,0
29974,12/4/2022,Sun,Dec,witer,0,0,0
29975,12/5/2022,Mon,Dec,witer,0,0,0
29976,12/6/2022,Tue,Dec,witer,0,0,0
29977,12/7/2022,Wed,Dec,witer,0,0,0
29978,12/8/2022,Thu,Dec,witer,0,0,0
29979,12/9/2022,Fri,Dec,witer,0,0,0
29980,12/10/2022,Sat,Dec,witer,0,0,0
29981,12/11/2022,Sun,Dec,witer,0,0,0
29982,12/12/2022,Mon,Dec,witer,0,0,0
29983,12/13/2022,Tue,Dec,witer,0,0,0
29984,12/14/2022,Wed,Dec,witer,0,0,0
29985,12/15/2022,Thu,Dec,witer,0,0,0
29986,12/16/2022,Fri,Dec,witer,0,0,0
29987,12/17/2022,Sat,Dec,witer,0,0,0
29988,12/18/2022,Sun,Dec,witer,0,0,0
29989,12/19/2022,Mon,Dec,witer,0,0,0
29990,12/20/2022,Tue,Dec,witer,0,0,0
29991,12/21/2022,Wed,Dec,witer,0,0,0
29992,12/22/2022,Thu,Dec,witer,0,0,0
29993,12/23/2022,Fri,Dec,witer,0,0,0
29994,12/24/2022,Sat,Dec,witer,0,0,0
29995,12/25/2022,Sun,Dec,witer,0,0,0
29996,12/26/2022,Mon,Dec,witer,0,0,0
29997,12/27/2022,Tue,Dec,witer,0,0,0
29998,12/28/2022,Wed,Dec,witer,0,0,0
29999,12/29/2022,Thu,Dec,witer,0,0,0
30000,12/30/2022,Fri,Dec,witer,0,0,0
30001,12/31/2022,Sat,Dec,witer,0,0,0
38871,1/1/2023,Sun,Jan,witer,0,0,0
38872,1/2/2023,Mon,Jan,witer,0,0,0
38873,1/3/2023,Tue,Jan,witer,0,0,0
38874,1/4/2023,Wed,Jan,witer,0,0,0
38875,1/5/2023,Thu,Jan,witer,0,0,0
38876,1/6/2023,Fri,Jan,witer,0,0,0
38877,1/7/2023,Sat,Jan,witer,0,0,0
38878,1/8/2023,Sun,Jan,witer,0,0,0
38879,1/9/2023,Mon,Jan,witer,0,0,0
38880,1/10/2023,Tue,Jan,witer,0,0,0
38881,1/11/2023,Wed,Jan,witer,0,0,0
38882,1/12/2023,Thu,Jan,witer,0,0,0
38883,1/13/2023,Fri,Jan,witer,0,0,0
38884,1/14/2023,Sat,Jan,witer,0,0,0
38885,1/15/2023,Sun,Jan,witer,0,0,0
38886,1/16/2023,Mon,Jan,witer,0,0,0
38887,1/17/2023,Tue,Jan,witer,0,0,0
38888,1/18/2023,Wed,Jan,witer,0,0,0
38889,1/19/2023,Thu,Jan,witer,0,0,0
38890,1/20/2023,Fri,Jan,witer,0,0,0
38891,1/21/2023,Sat,Jan,witer,0,0,0
38892,1/22/2023,Sun,Jan,witer,0,0,0
38893,1/23/2023,Mon,Jan,witer,0,0,0
38894,1/24/2023,Tue,Jan,witer,0,0,0
38895,1/25/2023,Wed,Jan,witer,0,0,0
38896,1/26/2023,Thu,Jan,witer,0,0,0
38897,1/27/2023,Fri,Jan,witer,0,0,0
38898,1/28/2023,Sat,Jan,witer,0,0,0
38899,1/29/2023,Sun,Jan,witer,0,0,0
38900,1/30/2023,Mon,Jan,witer,0,0,0
38901,1/31/2023,Tue,Jan,witer,0,0,0
38971,2/1/2023,Wed,Feb,witer,0,0,0
38972,2/2/2023,Thu,Feb,witer,0,0,0
38973,2/3/2023,Fri,Feb,witer,0,0,0
38974,2/4/2023,Sat,Feb,witer,0,0,0
38975,2/5/2023,Sun,Feb,witer,0,0,0
38976,2/6/2023,Mon,Feb,witer,0,0,0
38977,2/7/2023,Tue,Feb,witer,0,0,0
38978,2/8/2023,Wed,Feb,witer,0,0,0
38979,2/9/2023,Thu,Feb,witer,0,0,0
38980,2/10/2023,Fri,Feb,witer,0,0,0
38981,2/11/2023,Sat,Feb,witer,0,0,0
38982,2/12/2023,Sun,Feb,witer,0,0,0
38983,2/13/2023,Mon,Feb,witer,0,0,0
38984,2/14/2023,Tue,Feb,witer,0,0,0
38985,2/15/2023,Wed,Feb,witer,0,0,0
38986,2/16/2023,Thu,Feb,witer,0,0,0
38987,2/17/2023,Fri,Feb,witer,0,0,0
38988,2/18/2023,Sat,Feb,witer,0,0,0
38989,2/19/2023,Sun,Feb,witer,0,0,0
38990,2/20/2023,Mon,Feb,witer,0,0,0
38991,2/21/2023,Tue,Feb,witer,0,0,0
38992,2/22/2023,Wed,Feb,witer,0,0,0
38993,2/23/2023,Thu,Feb,witer,0,0,0
38994,2/24/2023,Fri,Feb,witer,0,0,0
38995,2/25/2023,Sat,Feb,witer,0,0,0
38996,2/26/2023,Sun,Feb,witer,0,0,0
38997,2/27/2023,Mon,Feb,witer,0,0,0
38998,2/28/2023,Tue,Feb,witer,0,0,0
39071,3/1/2023,Wed,Mar,witer,0,0,0
39072,3/2/2023,Thu,Mar,witer,0,0,0
39073,3/3/2023,Fri,Mar,witer,0,0,0
39074,3/4/2023,Sat,Mar,witer,0,0,0
39075,3/5/2023,Sun,Mar,witer,0,0,0
39076,3/6/2023,Mon,Mar,witer,0,0,0
39077,3/7/2023,Tue,Mar,witer,0,0,0
39078,3/8/2023,Wed,Mar,witer,0,0,0
39079,3/9/2023,Thu,Mar,witer,0,0,0
39080,3/10/2023,Fri,Mar,witer,0,0,0
39081,3/11/2023,Sat,Mar,witer,0,0,0
39082,3/12/2023,Sun,Mar,witer,0,0,0
39083,3/13/2023,Mon,Mar,witer,0,0,0
39084,3/14/2023,Tue,Mar,witer,0,0,0
39085,3/15/2023,Wed,Mar,witer,0,0,0
39086,3/16/2023,Thu,Mar,witer,0,0,0
39087,3/17/2023,Fri,Mar,witer,0,0,0
39088,3/18/2023,Sat,Mar,witer,0,0,0
39089,3/19/2023,Sun,Mar,witer,0,0,0
39090,3/20/2023,Mon,Mar,witer,0,0,0
39091,3/21/2023,Tue,Mar,witer,0,0,0
39092,3/22/2023,Wed,Mar,witer,0,0,0
39093,3/23/2023,Thu,Mar,witer,0,0,0
39094,3/24/2023,Fri,Mar,witer,0,0,0
39095,3/25/2023,Sat,Mar,witer,0,0,0
39096,3/26/2023,Sun,Mar,witer,0,0,0
39097,3/27/2023,Mon,Mar,witer,0,0,0
39098,3/28/2023,Tue,Mar,witer,0,0,0
39099,3/29/2023,Wed,Mar,witer,0,0,0
39100,3/30/2023,Thu,Mar,witer,0,0,0
39101,3/31/2023,Fri,Mar,witer,0,0,0
39171,4/1/2023,Sat,Apr,witer,0,0,0
39172,4/2/2023,Sun,Apr,witer,0,0,0
39173,4/3/2023,Mon,Apr,witer,0,0,0
39174,4/4/2023,Tue,Apr,witer,0,0,0
39175,4/5/2023,Wed,Apr,witer,0,0,0
39176,4/6/2023,Thu,Apr,witer,0,0,0
39177,4/7/2023,Fri,Apr,witer,0,0,0
39178,4/8/2023,Sat,Apr,witer,0,0,0
39179,4/9/2023,Sun,Apr,witer,0,0,0
39180,4/10/2023,Mon,Apr,witer,0,0,0
39181,4/11/2023,Tue,Apr,witer,0,0,0
39182,4/12/2023,Wed,Apr,witer,0,0,0
39183,4/13/2023,Thu,Apr,witer,0,0,0
39184,4/14/2023,Fri,Apr,witer,0,0,0
39185,4/15/2023,Sat,Apr,witer,0,0,0
39186,4/16/2023,Sun,Apr,witer,0,0,0
39187,4/17/2023,Mon,Apr,witer,0,0,0
39188,4/18/2023,Tue,Apr,witer,0,0,0
39189,4/19/2023,Wed,Apr,witer,0,0,0
39190,4/20/2023,Thu,Apr,witer,0,0,0
39191,4/21/2023,Fri,Apr,witer,0,0,0
39192,4/22/2023,Sat,Apr,witer,0,0,0
39193,4/23/2023,Sun,Apr,witer,0,0,0
39194,4/24/2023,Mon,Apr,witer,0,0,0
39195,4/25/2023,Tue,Apr,witer,0,0,0
39196,4/26/2023,Wed,Apr,witer,0,0,0
39197,4/27/2023,Thu,Apr,witer,0,0,0
39198,4/28/2023,Fri,Apr,witer,0,0,0
39199,4/29/2023,Sat,Apr,witer,0,0,0
39200,4/30/2023,Sun,Apr,witer,0,0,0
39271,5/1/2023,Mon,May,witer,0,0,0
39272,5/2/2023,Tue,May,witer,0,0,0
39273,5/3/2023,Wed,May,witer,0,0,0
39274,5/4/2023,Thu,May,witer,0,0,0
39275,5/5/2023,Fri,May,witer,0,0,0
39276,5/6/2023,Sat,May,witer,0,0,0
39277,5/7/2023,Sun,May,witer,0,0,0
39278,5/8/2023,Mon,May,witer,0,0,0
39279,5/9/2023,Tue,May,witer,0,0,0
39280,5/10/2023,Wed,May,witer,0,0,0
39281,5/11/2023,Thu,May,witer,0,0,0
39282,5/12/2023,Fri,May,witer,0,0,0
39283,5/13/2023,Sat,May,witer,0,0,0
39284,5/14/2023,Sun,May,witer,0,0,0
39285,5/15/2023,Mon,May,witer,0,0,0
39286,5/16/2023,Tue,May,witer,0,0,0
39287,5/17/2023,Wed,May,witer,0,0,0
39288,5/18/2023,Thu,May,witer,0,0,0
39289,5/19/2023,Fri,May,witer,0,0,0
39290,5/20/2023,Sat,May,witer,0,0,0
39291,5/21/2023,Sun,May,witer,0,0,0
39292,5/22/2023,Mon,May,witer,0,0,0
39293,5/23/2023,Tue,May,witer,0,0,0
39294,5/24/2023,Wed,May,witer,0,0,0
39295,5/25/2023,Thu,May,witer,0,0,0
39296,5/26/2023,Fri,May,witer,0,0,0
39297,5/27/2023,Sat,May,witer,0,0,0
39298,5/28/2023,Sun,May,witer,0,0,0
39299,5/29/2023,Mon,May,witer,0,0,0
39300,5/30/2023,Tue,May,witer,0,0,0
39301,5/31/2023,Wed,May,witer,0,0,0
39371,6/1/2023,Thu,Jun,witer,0,0,0
39372,6/2/2023,Fri,Jun,witer,0,0,0
39373,6/3/2023,Sat,Jun,witer,0,0,0
39374,6/4/2023,Sun,Jun,witer,0,0,0
39375,6/5/2023,Mon,Jun,witer,0,0,0
39376,6/6/2023,Tue,Jun,witer,0,0,0
39377,6/7/2023,Wed,Jun,witer,0,0,0
39378,6/8/2023,Thu,Jun,witer,0,0,0
39379,6/9/2023,Fri,Jun,witer,0,0,0
39380,6/10/2023,Sat,Jun,witer,0,0,0
39381,6/11/2023,Sun,Jun,witer,0,0,0
39382,6/12/2023,Mon,Jun,witer,0,0,0
39383,6/13/2023,Tue,Jun,witer,0,0,0
39384,6/14/2023,Wed,Jun,witer,0,0,0
39385,6/15/2023,Thu,Jun,witer,0,0,0
39386,6/16/2023,Fri,Jun,witer,0,0,0
39387,6/17/2023,Sat,Jun,witer,0,0,0
39388,6/18/2023,Sun,Jun,witer,0,0,0
39389,6/19/2023,Mon,Jun,witer,0,0,0
39390,6/20/2023,Tue,Jun,witer,0,0,0
39391,6/21/2023,Wed,Jun,witer,0,0,0
39392,6/22/2023,Thu,Jun,witer,0,0,0
39393,6/23/2023,Fri,Jun,witer,0,0,0
39394,6/24/2023,Sat,Jun,witer,0,0,0
39395,6/25/2023,Sun,Jun,witer,0,0,0
39396,6/26/2023,Mon,Jun,witer,0,0,0
39397,6/27/2023,Tue,Jun,witer,0,0,0
39398,6/28/2023,Wed,Jun,witer,0,0,0
39399,6/29/2023,Thu,Jun,witer,0,0,0
39400,6/30/2023,Fri,Jun,witer,0,0,0
39471,7/1/2023,Sat,Jul,witer,0,0,0
39472,7/2/2023,Sun,Jul,witer,0,0,0
39473,7/3/2023,Mon,Jul,witer,0,0,0
39474,7/4/2023,Tue,Jul,witer,0,0,0
39475,7/5/2023,Wed,Jul,witer,0,0,0
39476,7/6/2023,Thu,Jul,witer,0,0,0
39477,7/7/2023,Fri,Jul,witer,0,0,0
39478,7/8/2023,Sat,Jul,witer,0,0,0
39479,7/9/2023,Sun,Jul,witer,0,0,0
39480,7/10/2023,Mon,Jul,witer,0,0,0
39481,7/11/2023,Tue,Jul,witer,0,0,0
39482,7/12/2023,Wed,Jul,witer,0,0,0
39483,7/13/2023,Thu,Jul,witer,0,0,0
39484,7/14/2023,Fri,Jul,witer,0,0,0
39485,7/15/2023,Sat,Jul,witer,0,0,0
39486,7/16/2023,Sun,Jul,witer,0,0,0
39487,7/17/2023,Mon,Jul,witer,0,0,0
39488,7/18/2023,Tue,Jul,witer,0,0,0
39489,7/19/2023,Wed,Jul,witer,0,0,0
39490,7/20/2023,Thu,Jul,witer,0,0,0
39491,7/21/2023,Fri,Jul,witer,0,0,0
39492,7/22/2023,Sat,Jul,witer,0,0,0
39493,7/23/2023,Sun,Jul,witer,0,0,0
39494,7/24/2023,Mon,Jul,witer,0,0,0
39495,7/25/2023,Tue,Jul,witer,0,0,0
39496,7/26/2023,Wed,Jul,witer,0,0,0
39497,7/27/2023,Thu,Jul,witer,0,0,0
39498,7/28/2023,Fri,Jul,witer,0,0,0
39499,7/29/2023,Sat,Jul,witer,0,0,0
39500,7/30/2023,Sun,Jul,witer,0,0,0
39501,7/31/2023,Mon,Jul,witer,0,0,0
39571,8/1/2023,Tue,Aug,witer,0,0,0
39572,8/2/2023,Wed,Aug,witer,0,0,0
39573,8/3/2023,Thu,Aug,witer,0,0,0
39574,8/4/2023,Fri,Aug,witer,0,0,0
39575,8/5/2023,Sat,Aug,witer,0,0,0
39576,8/6/2023,Sun,Aug,witer,0,0,0
39577,8/7/2023,Mon,Aug,witer,0,0,0
39578,8/8/2023,Tue,Aug,witer,0,0,0
39579,8/9/2023,Wed,Aug,witer,0,0,0
39580,8/10/2023,Thu,Aug,witer,0,0,0
39581,8/11/2023,Fri,Aug,witer,0,0,0
39582,8/12/2023,Sat,Aug,witer,0,0,0
39583,8/13/2023,Sun,Aug,witer,0,0,0
39584,8/14/2023,Mon,Aug,witer,0,0,0
39585,8/15/2023,Tue,Aug,witer,0,0,0
39586,8/16/2023,Wed,Aug,witer,0,0,0
39587,8/17/2023,Thu,Aug,witer,0,0,0
39588,8/18/2023,Fri,Aug,witer,0,0,0
39589,8/19/2023,Sat,Aug,witer,0,0,0
39590,8/20/2023,Sun,Aug,witer,0,0,0
39591,8/21/2023,Mon,Aug,witer,0,0,0
39592,8/22/2023,Tue,Aug,witer,0,0,0
39593,8/23/2023,Wed,Aug,witer,0,0,0
39594,8/24/2023,Thu,Aug,witer,0,0,0
39595,8/25/2023,Fri,Aug,witer,0,0,0
39596,8/26/2023,Sat,Aug,witer,0,0,0
39597,8/27/2023,Sun,Aug,witer,0,0,0
39598,8/28/2023,Mon,Aug,witer,0,0,0
39599,8/29/2023,Tue,Aug,witer,0,0,0
39600,8/30/2023,Wed,Aug,witer,0,0,0
39601,8/31/2023,Thu,Aug,witer,0,0,0
39671,9/1/2023,Fri,Sep,witer,0,0,0
39672,9/2/2023,Sat,Sep,witer,0,0,0
39673,9/3/2023,Sun,Sep,witer,0,0,0
39674,9/4/2023,Mon,Sep,witer,0,0,0
39675,9/5/2023,Tue,Sep,witer,0,0,0
39676,9/6/2023,Wed,Sep,witer,0,0,0
39677,9/7/2023,Thu,Sep,witer,0,0,0
39678,9/8/2023,Fri,Sep,witer,0,0,0
39679,9/9/2023,Sat,Sep,witer,0,0,0
39680,9/10/2023,Sun,Sep,witer,0,0,0
39681,9/11/2023,Mon,Sep,witer,0,0,0
39682,9/12/2023,Tue,Sep,witer,0,0,0
39683,9/13/2023,Wed,Sep,witer,0,0,0
39684,9/14/2023,Thu,Sep,witer,0,0,0
39685,9/15/2023,Fri,Sep,witer,0,0,0
39686,9/16/2023,Sat,Sep,witer,0,0,0
39687,9/17/2023,Sun,Sep,witer,0,0,0
39688,9/18/2023,Mon,Sep,witer,0,0,0
39689,9/19/2023,Tue,Sep,witer,0,0,0
39690,9/20/2023,Wed,Sep,witer,0,0,0
39691,9/21/2023,Thu,Sep,witer,0,0,0
39692,9/22/2023,Fri,Sep,witer,0,0,0
39693,9/23/2023,Sat,Sep,witer,0,0,0
39694,9/24/2023,Sun,Sep,witer,0,0,0
39695,9/25/2023,Mon,Sep,witer,0,0,0
39696,9/26/2023,Tue,Sep,witer,0,0,0
39697,9/27/2023,Wed,Sep,witer,0,0,0
39698,9/28/2023,Thu,Sep,witer,0,0,0
39699,9/29/2023,Fri,Sep,witer,0,0,0
39700,9/30/2023,Sat,Sep,witer,0,0,0
39771,10/1/2023,Sun,Oct,witer,0,0,0
39772,10/2/2023,Mon,Oct,witer,0,0,0
39773,10/3/2023,Tue,Oct,witer,0,0,0
39774,10/4/2023,Wed,Oct,witer,0,0,0
39775,10/5/2023,Thu,Oct,witer,0,0,0
39776,10/6/2023,Fri,Oct,witer,0,0,0
39777,10/7/2023,Sat,Oct,witer,0,0,0
39778,10/8/2023,Sun,Oct,witer,0,0,0
39779,10/9/2023,Mon,Oct,witer,0,0,0
39780,10/10/2023,Tue,Oct,witer,0,0,0
39781,10/11/2023,Wed,Oct,witer,0,0,0
39782,10/12/2023,Thu,Oct,witer,0,0,0
39783,10/13/2023,Fri,Oct,witer,0,0,0
39784,10/14/2023,Sat,Oct,witer,0,0,0
39785,10/15/2023,Sun,Oct,witer,0,0,0
39786,10/16/2023,Mon,Oct,witer,0,0,0
39787,10/17/2023,Tue,Oct,witer,0,0,0
39788,10/18/2023,Wed,Oct,witer,0,0,0
39789,10/19/2023,Thu,Oct,witer,0,0,0
39790,10/20/2023,Fri,Oct,witer,0,0,0
39791,10/21/2023,Sat,Oct,witer,0,0,0
39792,10/22/2023,Sun,Oct,witer,0,0,0
39793,10/23/2023,Mon,Oct,witer,0,0,0
39794,10/24/2023,Tue,Oct,witer,0,0,0
39795,10/25/2023,Wed,Oct,witer,0,0,0
39796,10/26/2023,Thu,Oct,witer,0,0,0
39797,10/27/2023,Fri,Oct,witer,0,0,0
39798,10/28/2023,Sat,Oct,witer,0,0,0
39799,10/29/2023,Sun,Oct,witer,0,0,0
39800,10/30/2023,Mon,Oct,witer,0,0,0
39801,10/31/2023,Tue,Oct,witer,0,0,0
39871,11/1/2023,Wed,Nov,witer,0,0,0
39872,11/2/2023,Thu,Nov,witer,0,0,0
39873,11/3/2023,Fri,Nov,witer,0,0,0
39874,11/4/2023,Sat,Nov,witer,0,0,0
39875,11/5/2023,Sun,Nov,witer,0,0,0
39876,11/6/2023,Mon,Nov,witer,0,0,0
39877,11/7/2023,Tue,Nov,witer,0,0,0
39878,11/8/2023,Wed,Nov,witer,0,0,0
39879,11/9/2023,Thu,Nov,witer,0,0,0
39880,11/10/2023,Fri,Nov,witer,0,0,0
39881,11/11/2023,Sat,Nov,witer,0,0,0
39882,11/12/2023,Sun,Nov,witer,0,0,0
39883,11/13/2023,Mon,Nov,witer,0,0,0
39884,11/14/2023,Tue,Nov,witer,0,0,0
39885,11/15/2023,Wed,Nov,witer,0,0,0
39886,11/16/2023,Thu,Nov,witer,0,0,0
39887,11/17/2023,Fri,Nov,witer,0,0,0
39888,11/18/2023,Sat,Nov,witer,0,0,0
39889,11/19/2023,Sun,Nov,witer,0,0,0
39890,11/20/2023,Mon,Nov,witer,0,0,0
39891,11/21/2023,Tue,Nov,witer,0,0,0
39892,11/22/2023,Wed,Nov,witer,0,0,0
39893,11/23/2023,Thu,Nov,witer,0,0,0
39894,11/24/2023,Fri,Nov,witer,0,0,0
39895,11/25/2023,Sat,Nov,witer,0,0,0
39896,11/26/2023,Sun,Nov,witer,0,0,0
39897,11/27/2023,Mon,Nov,witer,0,0,0
39898,11/28/2023,Tue,Nov,witer,0,0,0
39899,11/29/2023,Wed,Nov,witer,0,0,0
39900,11/30/2023,Thu,Nov,witer,0,0,0
39971,12/1/2023,Fri,Dec,witer,0,0,0
39972,12/2/2023,Sat,Dec,witer,0,0,0
39973,12/3/2023,Sun,Dec,witer,0,0,0
39974,12/4/2023,Mon,Dec,witer,0,0,0
39975,12/5/2023,Tue,Dec,witer,0,0,0
39976,12/6/2023,Wed,Dec,witer,0,0,0
39977,12/7/2023,Thu,Dec,witer,0,0,0
39978,12/8/2023,Fri,Dec,witer,0,0,0
39979,12/9/2023,Sat,Dec,witer,0,0,0
39980,12/10/2023,Sun,Dec,witer,0,0,0
39981,12/11/2023,Mon,Dec,witer,0,0,0
39982,12/12/2023,Tue,Dec,witer,0,0,0
39983,12/13/2023,Wed,Dec,witer,0,0,0
39984,12/14/2023,Thu,Dec,witer,0,0,0
39985,12/15/2023,Fri,Dec,witer,0,0,0
39986,12/16/2023,Sat,Dec,witer,0,0,0
39987,12/17/2023,Sun,Dec,witer,0,0,0
39988,12/18/2023,Mon,Dec,witer,0,0,0
39989,12/19/2023,Tue,Dec,witer,0,0,0
39990,12/20/2023,Wed,Dec,witer,0,0,0
39991,12/21/2023,Thu,Dec,witer,0,0,0
39992,12/22/2023,Fri,Dec,witer,0,0,0
39993,12/23/2023,Sat,Dec,witer,0,0,0
39994,12/24/2023,Sun,Dec,witer,0,0,0
39995,12/25/2023,Mon,Dec,witer,0,0,0
39996,12/26/2023,Tue,Dec,witer,0,0,0
39997,12/27/2023,Wed,Dec,witer,0,0,0
39998,12/28/2023,Thu,Dec,witer,0,0,0
39999,12/29/2023,Fri,Dec,witer,0,0,0
40000,12/30/2023,Sat,Dec,witer,0,0,0
40001,12/31/2023,Sun,Dec,witer,0,0,0
48871,1/1/2024,Mon,Jan,witer,0,0,0
48872,1/2/2024,Tue,Jan,witer,0,0,0
48873,1/3/2024,Wed,Jan,witer,0,0,0
48874,1/4/2024,Thu,Jan,witer,0,0,0
48875,1/5/2024,Fri,Jan,witer,0,0,0
48876,1/6/2024,Sat,Jan,witer,0,0,0
48877,1/7/2024,Sun,Jan,witer,0,0,0
48878,1/8/2024,Mon,Jan,witer,0,0,0
48879,1/9/2024,Tue,Jan,witer,0,0,0
48880,1/10/2024,Wed,Jan,witer,0,0,0
48881,1/11/2024,Thu,Jan,witer,0,0,0
48882,1/12/2024,Fri,Jan,witer,0,0,0
48883,1/13/2024,Sat,Jan,witer,0,0,0
48884,1/14/2024,Sun,Jan,witer,0,0,0
48885,1/15/2024,Mon,Jan,witer,0,0,0
48886,1/16/2024,Tue,Jan,witer,0,0,0
48887,1/17/2024,Wed,Jan,witer,0,0,0
48888,1/18/2024,Thu,Jan,witer,0,0,0
48889,1/19/2024,Fri,Jan,witer,0,0,0
48890,1/20/2024,Sat,Jan,witer,0,0,0
48891,1/21/2024,Sun,Jan,witer,0,0,0
48892,1/22/2024,Mon,Jan,witer,0,0,0
48893,1/23/2024,Tue,Jan,witer,0,0,0
48894,1/24/2024,Wed,Jan,witer,0,0,0
48895,1/25/2024,Thu,Jan,witer,0,0,0
48896,1/26/2024,Fri,Jan,witer,0,0,0
48897,1/27/2024,Sat,Jan,witer,0,0,0
48898,1/28/2024,Sun,Jan,witer,0,0,0
48899,1/29/2024,Mon,Jan,witer,0,0,0
48900,1/30/2024,Tue,Jan,witer,0,0,0
48901,1/31/2024,Wed,Jan,witer,0,0,0
48971,2/1/2024,Thu,Feb,witer,0,0,0
48972,2/2/2024,Fri,Feb,witer,0,0,0
48973,2/3/2024,Sat,Feb,witer,0,0,0
48974,2/4/2024,Sun,Feb,witer,0,0,0
48975,2/5/2024,Mon,Feb,witer,0,0,0
48976,2/6/2024,Tue,Feb,witer,0,0,0
48977,2/7/2024,Wed,Feb,witer,0,0,0
48978,2/8/2024,Thu,Feb,witer,0,0,0
48979,2/9/2024,Fri,Feb,witer,0,0,0
48980,2/10/2024,Sat,Feb,witer,0,0,0
48981,2/11/2024,Sun,Feb,witer,0,0,0
48982,2/12/2024,Mon,Feb,witer,0,0,0
48983,2/13/2024,Tue,Feb,witer,0,0,0
48984,2/14/2024,Wed,Feb,witer,0,0,0
48985,2/15/2024,Thu,Feb,witer,0,0,0
48986,2/16/2024,Fri,Feb,witer,0,0,0
48987,2/17/2024,Sat,Feb,witer,0,0,0
48988,2/18/2024,Sun,Feb,witer,0,0,0
48989,2/19/2024,Mon,Feb,witer,0,0,0
48990,2/20/2024,Tue,Feb,witer,0,0,0
48991,2/21/2024,Wed,Feb,witer,0,0,0
48992,2/22/2024,Thu,Feb,witer,0,0,0
48993,2/23/2024,Fri,Feb,witer,0,0,0
48994,2/24/2024,Sat,Feb,witer,0,0,0
48995,2/25/2024,Sun,Feb,witer,0,0,0
48996,2/26/2024,Mon,Feb,witer,0,0,0
48997,2/27/2024,Tue,Feb,witer,0,0,0
48998,2/28/2024,Wed,Feb,witer,0,0,0
48999,2/29/2024,Thu,Feb,witer,0,0,0
49071,3/1/2024,Fri,Mar,witer,0,0,0
49072,3/2/2024,Sat,Mar,witer,0,0,0
49073,3/3/2024,Sun,Mar,witer,0,0,0
49074,3/4/2024,Mon,Mar,witer,0,0,0
49075,3/5/2024,Tue,Mar,witer,0,0,0
49076,3/6/2024,Wed,Mar,witer,0,0,0
49077,3/7/2024,Thu,Mar,witer,0,0,0
49078,3/8/2024,Fri,Mar,witer,0,0,0
49079,3/9/2024,Sat,Mar,witer,0,0,0
49080,3/10/2024,Sun,Mar,witer,0,0,0
49081,3/11/2024,Mon,Mar,witer,0,0,0
49082,3/12/2024,Tue,Mar,witer,0,0,0
49083,3/13/2024,Wed,Mar,witer,0,0,0
49084,3/14/2024,Thu,Mar,witer,0,0,0
49085,3/15/2024,Fri,Mar,witer,0,0,0
49086,3/16/2024,Sat,Mar,witer,0,0,0
49087,3/17/2024,Sun,Mar,witer,0,0,0
49088,3/18/2024,Mon,Mar,witer,0,0,0
49089,3/19/2024,Tue,Mar,witer,0,0,0
49090,3/20/2024,Wed,Mar,witer,0,0,0
49091,3/21/2024,Thu,Mar,witer,0,0,0
49092,3/22/2024,Fri,Mar,witer,0,0,0
49093,3/23/2024,Sat,Mar,witer,0,0,0
49094,3/24/2024,Sun,Mar,witer,0,0,0
49095,3/25/2024,Mon,Mar,witer,0,0,0
49096,3/26/2024,Tue,Mar,witer,0,0,0
49097,3/27/2024,Wed,Mar,witer,0,0,0
49098,3/28/2024,Thu,Mar,witer,0,0,0
49099,3/29/2024,Fri,Mar,witer,0,0,0
49100,3/30/2024,Sat,Mar,witer,0,0,0
49101,3/31/2024,Sun,Mar,witer,0,0,0
49171,4/1/2024,Mon,Apr,witer,0,0,0
49172,4/2/2024,Tue,Apr,witer,0,0,0
49173,4/3/2024,Wed,Apr,witer,0,0,0
49174,4/4/2024,Thu,Apr,witer,0,0,0
49175,4/5/2024,Fri,Apr,witer,0,0,0
49176,4/6/2024,Sat,Apr,witer,0,0,0
49177,4/7/2024,Sun,Apr,witer,0,0,0
49178,4/8/2024,Mon,Apr,witer,0,0,0
49179,4/9/2024,Tue,Apr,witer,0,0,0
49180,4/10/2024,Wed,Apr,witer,0,0,0
49181,4/11/2024,Thu,Apr,witer,0,0,0
49182,4/12/2024,Fri,Apr,witer,0,0,0
49183,4/13/2024,Sat,Apr,witer,0,0,0
49184,4/14/2024,Sun,Apr,witer,0,0,0
49185,4/15/2024,Mon,Apr,witer,0,0,0
49186,4/16/2024,Tue,Apr,witer,0,0,0
49187,4/17/2024,Wed,Apr,witer,0,0,0
49188,4/18/2024,Thu,Apr,witer,0,0,0
49189,4/19/2024,Fri,Apr,witer,0,0,0
49190,4/20/2024,Sat,Apr,witer,0,0,0
49191,4/21/2024,Sun,Apr,witer,0,0,0
49192,4/22/2024,Mon,Apr,witer,0,0,0
49193,4/23/2024,Tue,Apr,witer,0,0,0
49194,4/24/2024,Wed,Apr,witer,0,0,0
49195,4/25/2024,Thu,Apr,witer,0,0,0
49196,4/26/2024,Fri,Apr,witer,0,0,0
49197,4/27/2024,Sat,Apr,witer,0,0,0
49198,4/28/2024,Sun,Apr,witer,0,0,0
49199,4/29/2024,Mon,Apr,witer,0,0,0
49200,4/30/2024,Tue,Apr,witer,0,0,0
49271,5/1/2024,Wed,May,witer,0,0,0
49272,5/2/2024,Thu,May,witer,0,0,0
49273,5/3/2024,Fri,May,witer,0,0,0
49274,5/4/2024,Sat,May,witer,0,0,0
49275,5/5/2024,Sun,May,witer,0,0,0
49276,5/6/2024,Mon,May,witer,0,0,0
49277,5/7/2024,Tue,May,witer,0,0,0
49278,5/8/2024,Wed,May,witer,0,0,0
49279,5/9/2024,Thu,May,witer,0,0,0
49280,5/10/2024,Fri,May,witer,0,0,0
49281,5/11/2024,Sat,May,witer,0,0,0
49282,5/12/2024,Sun,May,witer,0,0,0
49283,5/13/2024,Mon,May,witer,0,0,0
49284,5/14/2024,Tue,May,witer,0,0,0
49285,5/15/2024,Wed,May,witer,0,0,0
49286,5/16/2024,Thu,May,witer,0,0,0
49287,5/17/2024,Fri,May,witer,0,0,0
49288,5/18/2024,Sat,May,witer,0,0,0
49289,5/19/2024,Sun,May,witer,0,0,0
49290,5/20/2024,Mon,May,witer,0,0,0
49291,5/21/2024,Tue,May,witer,0,0,0
49292,5/22/2024,Wed,May,witer,0,0,0
49293,5/23/2024,Thu,May,witer,0,0,0
49294,5/24/2024,Fri,May,witer,0,0,0
49295,5/25/2024,Sat,May,witer,0,0,0
49296,5/26/2024,Sun,May,witer,0,0,0
49297,5/27/2024,Mon,May,witer,0,0,0
49298,5/28/2024,Tue,May,witer,0,0,0
49299,5/29/2024,Wed,May,witer,0,0,0
49300,5/30/2024,Thu,May,witer,0,0,0
49301,5/31/2024,Fri,May,witer,0,0,0
49371,6/1/2024,Sat,Jun,witer,0,0,0
49372,6/2/2024,Sun,Jun,witer,0,0,0
49373,6/3/2024,Mon,Jun,witer,0,0,0
49374,6/4/2024,Tue,Jun,witer,0,0,0
49375,6/5/2024,Wed,Jun,witer,0,0,0
49376,6/6/2024,Thu,Jun,witer,0,0,0
49377,6/7/2024,Fri,Jun,witer,0,0,0
49378,6/8/2024,Sat,Jun,witer,0,0,0
49379,6/9/2024,Sun,Jun,witer,0,0,0
49380,6/10/2024,Mon,Jun,witer,0,0,0
49381,6/11/2024,Tue,Jun,witer,0,0,0
49382,6/12/2024,Wed,Jun,witer,0,0,0
49383,6/13/2024,Thu,Jun,witer,0,0,0
49384,6/14/2024,Fri,Jun,witer,0,0,0
49385,6/15/2024,Sat,Jun,witer,0,0,0
49386,6/16/2024,Sun,Jun,witer,0,0,0
49387,6/17/2024,Mon,Jun,witer,0,0,0
49388,6/18/2024,Tue,Jun,witer,0,0,0
49389,6/19/2024,Wed,Jun,witer,0,0,0
49390,6/20/2024,Thu,Jun,witer,0,0,0
49391,6/21/2024,Fri,Jun,witer,0,0,0
49392,6/22/2024,Sat,Jun,witer,0,0,0
49393,6/23/2024,Sun,Jun,witer,0,0,0
49394,6/24/2024,Mon,Jun,witer,0,0,0
49395,6/25/2024,Tue,Jun,witer,0,0,0
49396,6/26/2024,Wed,Jun,witer,0,0,0
49397,6/27/2024,Thu,Jun,witer,0,0,0
49398,6/28/2024,Fri,Jun,witer,0,0,0
49399,6/29/2024,Sat,Jun,witer,0,0,0
49400,6/30/2024,Sun,Jun,witer,0,0,0
49471,7/1/2024,Mon,Jul,witer,0,0,0
49472,7/2/2024,Tue,Jul,witer,0,0,0
49473,7/3/2024,Wed,Jul,witer,0,0,0
49474,7/4/2024,Thu,Jul,witer,0,0,0
49475,7/5/2024,Fri,Jul,witer,0,0,0
49476,7/6/2024,Sat,Jul,witer,0,0,0
49477,7/7/2024,Sun,Jul,witer,0,0,0
49478,7/8/2024,Mon,Jul,witer,0,0,0
49479,7/9/2024,Tue,Jul,witer,0,0,0
49480,7/10/2024,Wed,Jul,witer,0,0,0
49481,7/11/2024,Thu,Jul,witer,0,0,0
49482,7/12/2024,Fri,Jul,witer,0,0,0
49483,7/13/2024,Sat,Jul,witer,0,0,0
49484,7/14/2024,Sun,Jul,witer,0,0,0
49485,7/15/2024,Mon,Jul,witer,0,0,0
49486,7/16/2024,Tue,Jul,witer,0,0,0
49487,7/17/2024,Wed,Jul,witer,0,0,0
49488,7/18/2024,Thu,Jul,witer,0,0,0
49489,7/19/2024,Fri,Jul,witer,0,0,0
49490,7/20/2024,Sat,Jul,witer,0,0,0
49491,7/21/2024,Sun,Jul,witer,0,0,0
49492,7/22/2024,Mon,Jul,witer,0,0,0
49493,7/23/2024,Tue,Jul,witer,0,0,0
49494,7/24/2024,Wed,Jul,witer,0,0,0
49495,7/25/2024,Thu,Jul,witer,0,0,0
49496,7/26/2024,Fri,Jul,witer,0,0,0
49497,7/27/2024,Sat,Jul,witer,0,0,0
49498,7/28/2024,Sun,Jul,witer,0,0,0
49499,7/29/2024,Mon,Jul,witer,0,0,0
49500,7/30/2024,Tue,Jul,witer,0,0,0
49501,7/31/2024,Wed,Jul,witer,0,0,0
49571,8/1/2024,Thu,Aug,witer,0,0,0
49572,8/2/2024,Fri,Aug,witer,0,0,0
49573,8/3/2024,Sat,Aug,witer,0,0,0
49574,8/4/2024,Sun,Aug,witer,0,0,0
49575,8/5/2024,Mon,Aug,witer,0,0,0
49576,8/6/2024,Tue,Aug,witer,0,0,0
49577,8/7/2024,Wed,Aug,witer,0,0,0
49578,8/8/2024,Thu,Aug,witer,0,0,0
49579,8/9/2024,Fri,Aug,witer,0,0,0
49580,8/10/2024,Sat,Aug,witer,0,0,0
49581,8/11/2024,Sun,Aug,witer,0,0,0
49582,8/12/2024,Mon,Aug,witer,0,0,0
49583,8/13/2024,Tue,Aug,witer,0,0,0
49584,8/14/2024,Wed,Aug,witer,0,0,0
49585,8/15/2024,Thu,Aug,witer,0,0,0
49586,8/16/2024,Fri,Aug,witer,0,0,0
49587,8/17/2024,Sat,Aug,witer,0,0,0
49588,8/18/2024,Sun,Aug,witer,0,0,0
49589,8/19/2024,Mon,Aug,witer,0,0,0
49590,8/20/2024,Tue,Aug,witer,0,0,0
49591,8/21/2024,Wed,Aug,witer,0,0,0
49592,8/22/2024,Thu,Aug,witer,0,0,0
49593,8/23/2024,Fri,Aug,witer,0,0,0
49594,8/24/2024,Sat,Aug,witer,0,0,0
49595,8/25/2024,Sun,Aug,witer,0,0,0
49596,8/26/2024,Mon,Aug,witer,0,0,0
49597,8/27/2024,Tue,Aug,witer,0,0,0
49598,8/28/2024,Wed,Aug,witer,0,0,0
49599,8/29/2024,Thu,Aug,witer,0,0,0
49600,8/30/2024,Fri,Aug,witer,0,0,0
49601,8/31/2024,Sat,Aug,witer,0,0,0
49671,9/1/2024,Sun,Sep,witer,0,0,0
49672,9/2/2024,Mon,Sep,witer,0,0,0
49673,9/3/2024,Tue,Sep,witer,0,0,0
49674,9/4/2024,Wed,Sep,witer,0,0,0
49675,9/5/2024,Thu,Sep,witer,0,0,0
49676,9/6/2024,Fri,Sep,witer,0,0,0
49677,9/7/2024,Sat,Sep,witer,0,0,0
49678,9/8/2024,Sun,Sep,witer,0,0,0
49679,9/9/2024,Mon,Sep,witer,0,0,0
49680,9/10/2024,Tue,Sep,witer,0,0,0
49681,9/11/2024,Wed,Sep,witer,0,0,0
49682,9/12/2024,Thu,Sep,witer,0,0,0
49683,9/13/2024,Fri,Sep,witer,0,0,0
49684,9/14/2024,Sat,Sep,witer,0,0,0
49685,9/15/2024,Sun,Sep,witer,0,0,0
49686,9/16/2024,Mon,Sep,witer,0,0,0
49687,9/17/2024,Tue,Sep,witer,0,0,0
49688,9/18/2024,Wed,Sep,witer,0,0,0
49689,9/19/2024,Thu,Sep,witer,0,0,0
49690,9/20/2024,Fri,Sep,witer,0,0,0
49691,9/21/2024,Sat,Sep,witer,0,0,0
49692,9/22/2024,Sun,Sep,witer,0,0,0
49693,9/23/2024,Mon,Sep,witer,0,0,0
49694,9/24/2024,Tue,Sep,witer,0,0,0
49695,9/25/2024,Wed,Sep,witer,0,0,0
49696,9/26/2024,Thu,Sep,witer,0,0,0
49697,9/27/2024,Fri,Sep,witer,0,0,0
49698,9/28/2024,Sat,Sep,witer,0,0,0
49699,9/29/2024,Sun,Sep,witer,0,0,0
49700,9/30/2024,Mon,Sep,witer,0,0,0
49771,10/1/2024,Tue,Oct,witer,0,0,0
49772,10/2/2024,Wed,Oct,witer,0,0,0
49773,10/3/2024,Thu,Oct,witer,0,0,0
49774,10/4/2024,Fri,Oct,witer,0,0,0
49775,10/5/2024,Sat,Oct,witer,0,0,0
49776,10/6/2024,Sun,Oct,witer,0,0,0
49777,10/7/2024,Mon,Oct,witer,0,0,0
49778,10/8/2024,Tue,Oct,witer,0,0,0
49779,10/9/2024,Wed,Oct,witer,0,0,0
49780,10/10/2024,Thu,Oct,witer,0,0,0
49781,10/11/2024,Fri,Oct,witer,0,0,0
49782,10/12/2024,Sat,Oct,witer,0,0,0
49783,10/13/2024,Sun,Oct,witer,0,0,0
49784,10/14/2024,Mon,Oct,witer,0,0,0
49785,10/15/2024,Tue,Oct,witer,0,0,0
49786,10/16/2024,Wed,Oct,witer,0,0,0
49787,10/17/2024,Thu,Oct,witer,0,0,0
49788,10/18/2024,Fri,Oct,witer,0,0,0
49789,10/19/2024,Sat,Oct,witer,0,0,0
49790,10/20/2024,Sun,Oct,witer,0,0,0
49791,10/21/2024,Mon,Oct,witer,0,0,0
49792,10/22/2024,Tue,Oct,witer,0,0,0
49793,10/23/2024,Wed,Oct,witer,0,0,0
49794,10/24/2024,Thu,Oct,witer,0,0,0
49795,10/25/2024,Fri,Oct,witer,0,0,0
49796,10/26/2024,Sat,Oct,witer,0,0,0
49797,10/27/2024,Sun,Oct,witer,0,0,0
49798,10/28/2024,Mon,Oct,witer,0,0,0
49799,10/29/2024,Tue,Oct,witer,0,0,0
49800,10/30/2024,Wed,Oct,witer,0,0,0
49801,10/31/2024,Thu,Oct,witer,0,0,0
49871,11/1/2024,Fri,Nov,witer,0,0,0
49872,11/2/2024,Sat,Nov,witer,0,0,0
49873,11/3/2024,Sun,Nov,witer,0,0,0
49874,11/4/2024,Mon,Nov,witer,0,0,0
49875,11/5/2024,Tue,Nov,witer,0,0,0
49876,11/6/2024,Wed,Nov,witer,0,0,0
49877,11/7/2024,Thu,Nov,witer,0,0,0
49878,11/8/2024,Fri,Nov,witer,0,0,0
49879,11/9/2024,Sat,Nov,witer,0,0,0
49880,11/10/2024,Sun,Nov,witer,0,0,0
49881,11/11/2024,Mon,Nov,witer,0,0,0
49882,11/12/2024,Tue,Nov,witer,0,0,0
49883,11/13/2024,Wed,Nov,witer,0,0,0
49884,11/14/2024,Thu,Nov,witer,0,0,0
49885,11/15/2024,Fri,Nov,witer,0,0,0
49886,11/16/2024,Sat,Nov,witer,0,0,0
49887,11/17/2024,Sun,Nov,witer,0,0,0
49888,11/18/2024,Mon,Nov,witer,0,0,0
49889,11/19/2024,Tue,Nov,witer,0,0,0
49890,11/20/2024,Wed,Nov,witer,0,0,0
49891,11/21/2024,Thu,Nov,witer,0,0,0
49892,11/22/2024,Fri,Nov,witer,0,0,0
49893,11/23/2024,Sat,Nov,witer,0,0,0
49894,11/24/2024,Sun,Nov,witer,0,0,0
49895,11/25/2024,Mon,Nov,witer,0,0,0
49896,11/26/2024,Tue,Nov,witer,0,0,0
49897,11/27/2024,Wed,Nov,witer,0,0,0
49898,11/28/2024,Thu,Nov,witer,0,0,0
49899,11/29/2024,Fri,Nov,witer,0,0,0
49900,11/30/2024,Sat,Nov,witer,0,0,0
49971,12/1/2024,Sun,Dec,witer,0,0,0
49972,12/2/2024,Mon,Dec,witer,0,0,0
49973,12/3/2024,Tue,Dec,witer,0,0,0
49974,12/4/2024,Wed,Dec,witer,0,0,0
49975,12/5/2024,Thu,Dec,witer,0,0,0
49976,12/6/2024,Fri,Dec,witer,0,0,0
49977,12/7/2024,Sat,Dec,witer,0,0,0
49978,12/8/2024,Sun,Dec,witer,0,0,0
49979,12/9/2024,Mon,Dec,witer,0,0,0
49980,12/10/2024,Tue,Dec,witer,0,0,0
49981,12/11/2024,Wed,Dec,witer,0,0,0
49982,12/12/2024,Thu,Dec,witer,0,0,0
49983,12/13/2024,Fri,Dec,witer,0,0,0
49984,12/14/2024,Sat,Dec,witer,0,0,0
49985,12/15/2024,Sun,Dec,witer,0,0,0
49986,12/16/2024,Mon,Dec,witer,0,0,0
49987,12/17/2024,Tue,Dec,witer,0,0,0
49988,12/18/2024,Wed,Dec,witer,0,0,0
49989,12/19/2024,Thu,Dec,witer,0,0,0
49990,12/20/2024,Fri,Dec,witer,0,0,0
49991,12/21/2024,Sat,Dec,witer,0,0,0
49992,12/22/2024,Sun,Dec,witer,0,0,0
49993,12/23/2024,Mon,Dec,witer,0,0,0
49994,12/24/2024,Tue,Dec,witer,0,0,0
49995,12/25/2024,Wed,Dec,witer,0,0,0
49996,12/26/2024,Thu,Dec,witer,0,0,0
49997,12/27/2024,Fri,Dec,witer,0,0,0
49998,12/28/2024,Sat,Dec,witer,0,0,0
49999,12/29/2024,Sun,Dec,witer,0,0,0
50000,12/30/2024,Mon,Dec,witer,0,0,0
50001,12/31/2024,Tue,Dec,witer,0,0,0
58871,1/1/2025,Wed,Jan,witer,0,0,0
58872,1/2/2025,Thu,Jan,witer,0,0,0
58873,1/3/2025,Fri,Jan,witer,0,0,0
58874,1/4/2025,Sat,Jan,witer,0,0,0
58875,1/5/2025,Sun,Jan,witer,0,0,0
58876,1/6/2025,Mon,Jan,witer,0,0,0
58877,1/7/2025,Tue,Jan,witer,0,0,0
58878,1/8/2025,Wed,Jan,witer,0,0,0
58879,1/9/2025,Thu,Jan,witer,0,0,0
58880,1/10/2025,Fri,Jan,witer,0,0,0
58881,1/11/2025,Sat,Jan,witer,0,0,0
58882,1/12/2025,Sun,Jan,witer,0,0,0
58883,1/13/2025,Mon,Jan,witer,0,0,0
58884,1/14/2025,Tue,Jan,witer,0,0,0
58885,1/15/2025,Wed,Jan,witer,0,0,0
58886,1/16/2025,Thu,Jan,witer,0,0,0
58887,1/17/2025,Fri,Jan,witer,0,0,0
58888,1/18/2025,Sat,Jan,witer,0,0,0
58889,1/19/2025,Sun,Jan,witer,0,0,0
58890,1/20/2025,Mon,Jan,witer,0,0,0
58891,1/21/2025,Tue,Jan,witer,0,0,0
58892,1/22/2025,Wed,Jan,witer,0,0,0
58893,1/23/2025,Thu,Jan,witer,0,0,0
58894,1/24/2025,Fri,Jan,witer,0,0,0
58895,1/25/2025,Sat,Jan,witer,0,0,0
58896,1/26/2025,Sun,Jan,witer,0,0,0
58897,1/27/2025,Mon,Jan,witer,0,0,0
58898,1/28/2025,Tue,Jan,witer,0,0,0
58899,1/29/2025,Wed,Jan,witer,0,0,0
58900,1/30/2025,Thu,Jan,witer,0,0,0
58901,1/31/2025,Fri,Jan,witer,0,0,0
58971,2/1/2025,Sat,Feb,witer,0,0,0
58972,2/2/2025,Sun,Feb,witer,0,0,0
58973,2/3/2025,Mon,Feb,witer,0,0,0
58974,2/4/2025,Tue,Feb,witer,0,0,0
58975,2/5/2025,Wed,Feb,witer,0,0,0
58976,2/6/2025,Thu,Feb,witer,0,0,0
58977,2/7/2025,Fri,Feb,witer,0,0,0
58978,2/8/2025,Sat,Feb,witer,0,0,0
58979,2/9/2025,Sun,Feb,witer,0,0,0
58980,2/10/2025,Mon,Feb,witer,0,0,0
58981,2/11/2025,Tue,Feb,witer,0,0,0
58982,2/12/2025,Wed,Feb,witer,0,0,0
58983,2/13/2025,Thu,Feb,witer,0,0,0
58984,2/14/2025,Fri,Feb,witer,0,0,0
58985,2/15/2025,Sat,Feb,witer,0,0,0
58986,2/16/2025,Sun,Feb,witer,0,0,0
58987,2/17/2025,Mon,Feb,witer,0,0,0
58988,2/18/2025,Tue,Feb,witer,0,0,0
58989,2/19/2025,Wed,Feb,witer,0,0,0
58990,2/20/2025,Thu,Feb,witer,0,0,0
58991,2/21/2025,Fri,Feb,witer,0,0,0
58992,2/22/2025,Sat,Feb,witer,0,0,0
58993,2/23/2025,Sun,Feb,witer,0,0,0
58994,2/24/2025,Mon,Feb,witer,0,0,0
58995,2/25/2025,Tue,Feb,witer,0,0,0
58996,2/26/2025,Wed,Feb,witer,0,0,0
58997,2/27/2025,Thu,Feb,witer,0,0,0
58998,2/28/2025,Fri,Feb,witer,0,0,0
59071,3/1/2025,Sat,Mar,witer,0,0,0
59072,3/2/2025,Sun,Mar,witer,0,0,0
59073,3/3/2025,Mon,Mar,witer,0,0,0
59074,3/4/2025,Tue,Mar,witer,0,0,0
59075,3/5/2025,Wed,Mar,witer,0,0,0
59076,3/6/2025,Thu,Mar,witer,0,0,0
59077,3/7/2025,Fri,Mar,witer,0,0,0
59078,3/8/2025,Sat,Mar,witer,0,0,0
59079,3/9/2025,Sun,Mar,witer,0,0,0
59080,3/10/2025,Mon,Mar,witer,0,0,0
59081,3/11/2025,Tue,Mar,witer,0,0,0
59082,3/12/2025,Wed,Mar,witer,0,0,0
59083,3/13/2025,Thu,Mar,witer,0,0,0
59084,3/14/2025,Fri,Mar,witer,0,0,0
59085,3/15/2025,Sat,Mar,witer,0,0,0
59086,3/16/2025,Sun,Mar,witer,0,0,0
59087,3/17/2025,Mon,Mar,witer,0,0,0
59088,3/18/2025,Tue,Mar,witer,0,0,0
59089,3/19/2025,Wed,Mar,witer,0,0,0
59090,3/20/2025,Thu,Mar,witer,0,0,0
59091,3/21/2025,Fri,Mar,witer,0,0,0
59092,3/22/2025,Sat,Mar,witer,0,0,0
59093,3/23/2025,Sun,Mar,witer,0,0,0
59094,3/24/2025,Mon,Mar,witer,0,0,0
59095,3/25/2025,Tue,Mar,witer,0,0,0
59096,3/26/2025,Wed,Mar,witer,0,0,0
59097,3/27/2025,Thu,Mar,witer,0,0,0
59098,3/28/2025,Fri,Mar,witer,0,0,0
59099,3/29/2025,Sat,Mar,witer,0,0,0
59100,3/30/2025,Sun,Mar,witer,0,0,0
59101,3/31/2025,Mon,Mar,witer,0,0,0
59171,4/1/2025,Tue,Apr,witer,0,0,0
59172,4/2/2025,Wed,Apr,witer,0,0,0
59173,4/3/2025,Thu,Apr,witer,0,0,0
59174,4/4/2025,Fri,Apr,witer,0,0,0
59175,4/5/2025,Sat,Apr,witer,0,0,0
59176,4/6/2025,Sun,Apr,witer,0,0,0
59177,4/7/2025,Mon,Apr,witer,0,0,0
59178,4/8/2025,Tue,Apr,witer,0,0,0
59179,4/9/2025,Wed,Apr,witer,0,0,0
59180,4/10/2025,Thu,Apr,witer,0,0,0
59181,4/11/2025,Fri,Apr,witer,0,0,0
59182,4/12/2025,Sat,Apr,witer,0,0,0
59183,4/13/2025,Sun,Apr,witer,0,0,0
59184,4/14/2025,Mon,Apr,witer,0,0,0
59185,4/15/2025,Tue,Apr,witer,0,0,0
59186,4/16/2025,Wed,Apr,witer,0,0,0
59187,4/17/2025,Thu,Apr,witer,0,0,0
59188,4/18/2025,Fri,Apr,witer,0,0,0
59189,4/19/2025,Sat,Apr,witer,0,0,0
59190,4/20/2025,Sun,Apr,witer,0,0,0
59191,4/21/2025,Mon,Apr,witer,0,0,0
59192,4/22/2025,Tue,Apr,witer,0,0,0
59193,4/23/2025,Wed,Apr,witer,0,0,0
59194,4/24/2025,Thu,Apr,witer,0,0,0
59195,4/25/2025,Fri,Apr,witer,0,0,0
59196,4/26/2025,Sat,Apr,witer,0,0,0
59197,4/27/2025,Sun,Apr,witer,0,0,0
59198,4/28/2025,Mon,Apr,witer,0,0,0
59199,4/29/2025,Tue,Apr,witer,0,0,0
59200,4/30/2025,Wed,Apr,witer,0,0,0
59271,5/1/2025,Thu,May,witer,0,0,0
59272,5/2/2025,Fri,May,witer,0,0,0
59273,5/3/2025,Sat,May,witer,0,0,0
59274,5/4/2025,Sun,May,witer,0,0,0
59275,5/5/2025,Mon,May,witer,0,0,0
59276,5/6/2025,Tue,May,witer,0,0,0
59277,5/7/2025,Wed,May,witer,0,0,0
59278,5/8/2025,Thu,May,witer,0,0,0
59279,5/9/2025,Fri,May,witer,0,0,0
59280,5/10/2025,Sat,May,witer,0,0,0
59281,5/11/2025,Sun,May,witer,0,0,0
59282,5/12/2025,Mon,May,witer,0,0,0
59283,5/13/2025,Tue,May,witer,0,0,0
59284,5/14/2025,Wed,May,witer,0,0,0
59285,5/15/2025,Thu,May,witer,0,0,0
59286,5/16/2025,Fri,May,witer,0,0,0
59287,5/17/2025,Sat,May,witer,0,0,0
59288,5/18/2025,Sun,May,witer,0,0,0
59289,5/19/2025,Mon,May,witer,0,0,0
59290,5/20/2025,Tue,May,witer,0,0,0
59291,5/21/2025,Wed,May,witer,0,0,0
59292,5/22/2025,Thu,May,witer,0,0,0
59293,5/23/2025,Fri,May,witer,0,0,0
59294,5/24/2025,Sat,May,witer,0,0,0
59295,5/25/2025,Sun,May,witer,0,0,0
59296,5/26/2025,Mon,May,witer,0,0,0
59297,5/27/2025,Tue,May,witer,0,0,0
59298,5/28/2025,Wed,May,witer,0,0,0
59299,5/29/2025,Thu,May,witer,0,0,0
59300,5/30/2025,Fri,May,witer,0,0,0
59301,5/31/2025,Sat,May,witer,0,0,0
59371,6/1/2025,Sun,Jun,witer,0,0,0
59372,6/2/2025,Mon,Jun,witer,0,0,0
59373,6/3/2025,Tue,Jun,witer,0,0,0
59374,6/4/2025,Wed,Jun,witer,0,0,0
59375,6/5/2025,Thu,Jun,witer,0,0,0
59376,6/6/2025,Fri,Jun,witer,0,0,0
59377,6/7/2025,Sat,Jun,witer,0,0,0
59378,6/8/2025,Sun,Jun,witer,0,0,0
59379,6/9/2025,Mon,Jun,witer,0,0,0
59380,6/10/2025,Tue,Jun,witer,0,0,0
59381,6/11/2025,Wed,Jun,witer,0,0,0
59382,6/12/2025,Thu,Jun,witer,0,0,0
59383,6/13/2025,Fri,Jun,witer,0,0,0
59384,6/14/2025,Sat,Jun,witer,0,0,0
59385,6/15/2025,Sun,Jun,witer,0,0,0
59386,6/16/2025,Mon,Jun,witer,0,0,0
59387,6/17/2025,Tue,Jun,witer,0,0,0
59388,6/18/2025,Wed,Jun,witer,0,0,0
59389,6/19/2025,Thu,Jun,witer,0,0,0
59390,6/20/2025,Fri,Jun,witer,0,0,0
59391,6/21/2025,Sat,Jun,witer,0,0,0
59392,6/22/2025,Sun,Jun,witer,0,0,0
59393,6/23/2025,Mon,Jun,witer,0,0,0
59394,6/24/2025,Tue,Jun,witer,0,0,0
59395,6/25/2025,Wed,Jun,witer,0,0,0
59396,6/26/2025,Thu,Jun,witer,0,0,0
59397,6/27/2025,Fri,Jun,witer,0,0,0
59398,6/28/2025,Sat,Jun,witer,0,0,0
59399,6/29/2025,Sun,Jun,witer,0,0,0
59400,6/30/2025,Mon,Jun,witer,0,0,0
59471,7/1/2025,Tue,Jul,witer,0,0,0
59472,7/2/2025,Wed,Jul,witer,0,0,0
59473,7/3/2025,Thu,Jul,witer,0,0,0
59474,7/4/2025,Fri,Jul,witer,0,0,0
59475,7/5/2025,Sat,Jul,witer,0,0,0
59476,7/6/2025,Sun,Jul,witer,0,0,0
59477,7/7/2025,Mon,Jul,witer,0,0,0
59478,7/8/2025,Tue,Jul,witer,0,0,0
59479,7/9/2025,Wed,Jul,witer,0,0,0
59480,7/10/2025,Thu,Jul,witer,0,0,0
59481,7/11/2025,Fri,Jul,witer,0,0,0
59482,7/12/2025,Sat,Jul,witer,0,0,0
59483,7/13/2025,Sun,Jul,witer,0,0,0
59484,7/14/2025,Mon,Jul,witer,0,0,0
59485,7/15/2025,Tue,Jul,witer,0,0,0
59486,7/16/2025,Wed,Jul,witer,0,0,0
59487,7/17/2025,Thu,Jul,witer,0,0,0
59488,7/18/2025,Fri,Jul,witer,0,0,0
59489,7/19/2025,Sat,Jul,witer,0,0,0
59490,7/20/2025,Sun,Jul,witer,0,0,0
59491,7/21/2025,Mon,Jul,witer,0,0,0
59492,7/22/2025,Tue,Jul,witer,0,0,0
59493,7/23/2025,Wed,Jul,witer,0,0,0
59494,7/24/2025,Thu,Jul,witer,0,0,0
59495,7/25/2025,Fri,Jul,witer,0,0,0
59496,7/26/2025,Sat,Jul,witer,0,0,0
59497,7/27/2025,Sun,Jul,witer,0,0,0
59498,7/28/2025,Mon,Jul,witer,0,0,0
59499,7/29/2025,Tue,Jul,witer,0,0,0
59500,7/30/2025,Wed,Jul,witer,0,0,0
59501,7/31/2025,Thu,Jul,witer,0,0,0
59571,8/1/2025,Fri,Aug,witer,0,0,0
59572,8/2/2025,Sat,Aug,witer,0,0,0
59573,8/3/2025,Sun,Aug,witer,0,0,0
59574,8/4/2025,Mon,Aug,witer,0,0,0
59575,8/5/2025,Tue,Aug,witer,0,0,0
59576,8/6/2025,Wed,Aug,witer,0,0,0
59577,8/7/2025,Thu,Aug,witer,0,0,0
59578,8/8/2025,Fri,Aug,witer,0,0,0
59579,8/9/2025,Sat,Aug,witer,0,0,0
59580,8/10/2025,Sun,Aug,witer,0,0,0
59581,8/11/2025,Mon,Aug,witer,0,0,0
59582,8/12/2025,Tue,Aug,witer,0,0,0
59583,8/13/2025,Wed,Aug,witer,0,0,0
59584,8/14/2025,Thu,Aug,witer,0,0,0
59585,8/15/2025,Fri,Aug,witer,0,0,0
59586,8/16/2025,Sat,Aug,witer,0,0,0
59587,8/17/2025,Sun,Aug,witer,0,0,0
59588,8/18/2025,Mon,Aug,witer,0,0,0
59589,8/19/2025,Tue,Aug,witer,0,0,0
59590,8/20/2025,Wed,Aug,witer,0,0,0
59591,8/21/2025,Thu,Aug,witer,0,0,0
59592,8/22/2025,Fri,Aug,witer,0,0,0
59593,8/23/2025,Sat,Aug,witer,0,0,0
59594,8/24/2025,Sun,Aug,witer,0,0,0
59595,8/25/2025,Mon,Aug,witer,0,0,0
59596,8/26/2025,Tue,Aug,witer,0,0,0
59597,8/27/2025,Wed,Aug,witer,0,0,0
59598,8/28/2025,Thu,Aug,witer,0,0,0
59599,8/29/2025,Fri,Aug,witer,0,0,0
59600,8/30/2025,Sat,Aug,witer,0,0,0
59601,8/31/2025,Sun,Aug,witer,0,0,0
59671,9/1/2025,Mon,Sep,witer,0,0,0
59672,9/2/2025,Tue,Sep,witer,0,0,0
59673,9/3/2025,Wed,Sep,witer,0,0,0
59674,9/4/2025,Thu,Sep,witer,0,0,0
59675,9/5/2025,Fri,Sep,witer,0,0,0
59676,9/6/2025,Sat,Sep,witer,0,0,0
59677,9/7/2025,Sun,Sep,witer,0,0,0
59678,9/8/2025,Mon,Sep,witer,0,0,0
59679,9/9/2025,Tue,Sep,witer,0,0,0
59680,9/10/2025,Wed,Sep,witer,0,0,0
59681,9/11/2025,Thu,Sep,witer,0,0,0
59682,9/12/2025,Fri,Sep,witer,0,0,0
59683,9/13/2025,Sat,Sep,witer,0,0,0
59684,9/14/2025,Sun,Sep,witer,0,0,0
59685,9/15/2025,Mon,Sep,witer,0,0,0
59686,9/16/2025,Tue,Sep,witer,0,0,0
59687,9/17/2025,Wed,Sep,witer,0,0,0
59688,9/18/2025,Thu,Sep,witer,0,0,0
59689,9/19/2025,Fri,Sep,witer,0,0,0
59690,9/20/2025,Sat,Sep,witer,0,0,0
59691,9/21/2025,Sun,Sep,witer,0,0,0
59692,9/22/2025,Mon,Sep,witer,0,0,0
59693,9/23/2025,Tue,Sep,witer,0,0,0
59694,9/24/2025,Wed,Sep,witer,0,0,0
59695,9/25/2025,Thu,Sep,witer,0,0,0
59696,9/26/2025,Fri,Sep,witer,0,0,0
59697,9/27/2025,Sat,Sep,witer,0,0,0
59698,9/28/2025,Sun,Sep,witer,0,0,0
59699,9/29/2025,Mon,Sep,witer,0,0,0
59700,9/30/2025,Tue,Sep,witer,0,0,0
59771,10/1/2025,Wed,Oct,witer,0,0,0
59772,10/2/2025,Thu,Oct,witer,0,0,0
59773,10/3/2025,Fri,Oct,witer,0,0,0
59774,10/4/2025,Sat,Oct,witer,0,0,0
59775,10/5/2025,Sun,Oct,witer,0,0,0
59776,10/6/2025,Mon,Oct,witer,0,0,0
59777,10/7/2025,Tue,Oct,witer,0,0,0
59778,10/8/2025,Wed,Oct,witer,0,0,0
59779,10/9/2025,Thu,Oct,witer,0,0,0
59780,10/10/2025,Fri,Oct,witer,0,0,0
59781,10/11/2025,Sat,Oct,witer,0,0,0
59782,10/12/2025,Sun,Oct,witer,0,0,0
59783,10/13/2025,Mon,Oct,witer,0,0,0
59784,10/14/2025,Tue,Oct,witer,0,0,0
59785,10/15/2025,Wed,Oct,witer,0,0,0
59786,10/16/2025,Thu,Oct,witer,0,0,0
59787,10/17/2025,Fri,Oct,witer,0,0,0
59788,10/18/2025,Sat,Oct,witer,0,0,0
59789,10/19/2025,Sun,Oct,witer,0,0,0
59790,10/20/2025,Mon,Oct,witer,0,0,0
59791,10/21/2025,Tue,Oct,witer,0,0,0
59792,10/22/2025,Wed,Oct,witer,0,0,0
59793,10/23/2025,Thu,Oct,witer,0,0,0
59794,10/24/2025,Fri,Oct,witer,0,0,0
59795,10/25/2025,Sat,Oct,witer,0,0,0
59796,10/26/2025,Sun,Oct,witer,0,0,0
59797,10/27/2025,Mon,Oct,witer,0,0,0
59798,10/28/2025,Tue,Oct,witer,0,0,0
59799,10/29/2025,Wed,Oct,witer,0,0,0
59800,10/30/2025,Thu,Oct,witer,0,0,0
59801,10/31/2025,Fri,Oct,witer,0,0,0
59871,11/1/2025,Sat,Nov,witer,0,0,0
59872,11/2/2025,Sun,Nov,witer,0,0,0
59873,11/3/2025,Mon,Nov,witer,0,0,0
59874,11/4/2025,Tue,Nov,witer,0,0,0
59875,11/5/2025,Wed,Nov,witer,0,0,0
59876,11/6/2025,Thu,Nov,witer,0,0,0
59877,11/7/2025,Fri,Nov,witer,0,0,0
59878,11/8/2025,Sat,Nov,witer,0,0,0
59879,11/9/2025,Sun,Nov,witer,0,0,0
59880,11/10/2025,Mon,Nov,witer,0,0,0
59881,11/11/2025,Tue,Nov,witer,0,0,0
59882,11/12/2025,Wed,Nov,witer,0,0,0
59883,11/13/2025,Thu,Nov,witer,0,0,0
59884,11/14/2025,Fri,Nov,witer,0,0,0
59885,11/15/2025,Sat,Nov,witer,0,0,0
59886,11/16/2025,Sun,Nov,witer,0,0,0
59887,11/17/2025,Mon,Nov,witer,0,0,0
59888,11/18/2025,Tue,Nov,witer,0,0,0
59889,11/19/2025,Wed,Nov,witer,0,0,0
59890,11/20/2025,Thu,Nov,witer,0,0,0
59891,11/21/2025,Fri,Nov,witer,0,0,0
59892,11/22/2025,Sat,Nov,witer,0,0,0
59893,11/23/2025,Sun,Nov,witer,0,0,0
59894,11/24/2025,Mon,Nov,witer,0,0,0
59895,11/25/2025,Tue,Nov,witer,0,0,0
59896,11/26/2025,Wed,Nov,witer,0,0,0
59897,11/27/2025,Thu,Nov,witer,0,0,0
59898,11/28/2025,Fri,Nov,witer,0,0,0
59899,11/29/2025,Sat,Nov,witer,0,0,0
59900,11/30/2025,Sun,Nov,witer,0,0,0
59971,12/1/2025,Mon,Dec,witer,0,0,0
59972,12/2/2025,Tue,Dec,witer,0,0,0
59973,12/3/2025,Wed,Dec,witer,0,0,0
59974,12/4/2025,Thu,Dec,witer,0,0,0
59975,12/5/2025,Fri,Dec,witer,0,0,0
59976,12/6/2025,Sat,Dec,witer,0,0,0
59977,12/7/2025,Sun,Dec,witer,0,0,0
59978,12/8/2025,Mon,Dec,witer,0,0,0
59979,12/9/2025,Tue,Dec,witer,0,0,0
59980,12/10/2025,Wed,Dec,witer,0,0,0
59981,12/11/2025,Thu,Dec,witer,0,0,0
59982,12/12/2025,Fri,Dec,witer,0,0,0
59983,12/13/2025,Sat,Dec,witer,0,0,0
59984,12/14/2025,Sun,Dec,witer,0,0,0
59985,12/15/2025,Mon,Dec,witer,0,0,0
59986,12/16/2025,Tue,Dec,witer,0,0,0
59987,12/17/2025,Wed,Dec,witer,0,0,0
59988,12/18/2025,Thu,Dec,witer,0,0,0
59989,12/19/2025,Fri,Dec,witer,0,0,0
59990,12/20/2025,Sat,Dec,witer,0,0,0
59991,12/21/2025,Sun,Dec,witer,0,0,0
59992,12/22/2025,Mon,Dec,witer,0,0,0
59993,12/23/2025,Tue,Dec,witer,0,0,0
59994,12/24/2025,Wed,Dec,witer,0,0,0
59995,12/25/2025,Thu,Dec,witer,0,0,0
59996,12/26/2025,Fri,Dec,witer,0,0,0
59997,12/27/2025,Sat,Dec,witer,0,0,0
59998,12/28/2025,Sun,Dec,witer,0,0,0
59999,12/29/2025,Mon,Dec,witer,0,0,0
60000,12/30/2025,Tue,Dec,witer,0,0,0
60001,12/31/2025,Wed,Dec,witer,0,0,0
68871,1/1/2026,Thu,Jan,witer,0,0,0
68872,1/2/2026,Fri,Jan,witer,0,0,0
68873,1/3/2026,Sat,Jan,witer,0,0,0
68874,1/4/2026,Sun,Jan,witer,0,0,0
68875,1/5/2026,Mon,Jan,witer,0,0,0
68876,1/6/2026,Tue,Jan,witer,0,0,0
68877,1/7/2026,Wed,Jan,witer,0,0,0
68878,1/8/2026,Thu,Jan,witer,0,0,0
68879,1/9/2026,Fri,Jan,witer,0,0,0
68880,1/10/2026,Sat,Jan,witer,0,0,0
68881,1/11/2026,Sun,Jan,witer,0,0,0
68882,1/12/2026,Mon,Jan,witer,0,0,0
68883,1/13/2026,Tue,Jan,witer,0,0,0
68884,1/14/2026,Wed,Jan,witer,0,0,0
68885,1/15/2026,Thu,Jan,witer,0,0,0
68886,1/16/2026,Fri,Jan,witer,0,0,0
68887,1/17/2026,Sat,Jan,witer,0,0,0
68888,1/18/2026,Sun,Jan,witer,0,0,0
68889,1/19/2026,Mon,Jan,witer,0,0,0
68890,1/20/2026,Tue,Jan,witer,0,0,0
68891,1/21/2026,Wed,Jan,witer,0,0,0
68892,1/22/2026,Thu,Jan,witer,0,0,0
68893,1/23/2026,Fri,Jan,witer,0,0,0
68894,1/24/2026,Sat,Jan,witer,0,0,0
68895,1/25/2026,Sun,Jan,witer,0,0,0
68896,1/26/2026,Mon,Jan,witer,0,0,0
68897,1/27/2026,Tue,Jan,witer,0,0,0
68898,1/28/2026,Wed,Jan,witer,0,0,0
68899,1/29/2026,Thu,Jan,witer,0,0,0
68900,1/30/2026,Fri,Jan,witer,0,0,0
68901,1/31/2026,Sat,Jan,witer,0,0,0
68971,2/1/2026,Sun,Feb,witer,0,0,0
68972,2/2/2026,Mon,Feb,witer,0,0,0
68973,2/3/2026,Tue,Feb,witer,0,0,0
68974,2/4/2026,Wed,Feb,witer,0,0,0
68975,2/5/2026,Thu,Feb,witer,0,0,0
68976,2/6/2026,Fri,Feb,witer,0,0,0
68977,2/7/2026,Sat,Feb,witer,0,0,0
68978,2/8/2026,Sun,Feb,witer,0,0,0
68979,2/9/2026,Mon,Feb,witer,0,0,0
68980,2/10/2026,Tue,Feb,witer,0,0,0
68981,2/11/2026,Wed,Feb,witer,0,0,0
68982,2/12/2026,Thu,Feb,witer,0,0,0
68983,2/13/2026,Fri,Feb,witer,0,0,0
68984,2/14/2026,Sat,Feb,witer,0,0,0
68985,2/15/2026,Sun,Feb,witer,0,0,0
68986,2/16/2026,Mon,Feb,witer,0,0,0
68987,2/17/2026,Tue,Feb,witer,0,0,0
68988,2/18/2026,Wed,Feb,witer,0,0,0
68989,2/19/2026,Thu,Feb,witer,0,0,0
68990,2/20/2026,Fri,Feb,witer,0,0,0
68991,2/21/2026,Sat,Feb,witer,0,0,0
68992,2/22/2026,Sun,Feb,witer,0,0,0
68993,2/23/2026,Mon,Feb,witer,0,0,0
68994,2/24/2026,Tue,Feb,witer,0,0,0
68995,2/25/2026,Wed,Feb,witer,0,0,0
68996,2/26/2026,Thu,Feb,witer,0,0,0
68997,2/27/2026,Fri,Feb,witer,0,0,0
68998,2/28/2026,Sat,Feb,witer,0,0,0
69071,3/1/2026,Sun,Mar,witer,0,0,0
69072,3/2/2026,Mon,Mar,witer,0,0,0
69073,3/3/2026,Tue,Mar,witer,0,0,0
69074,3/4/2026,Wed,Mar,witer,0,0,0
69075,3/5/2026,Thu,Mar,witer,0,0,0
69076,3/6/2026,Fri,Mar,witer,0,0,0
69077,3/7/2026,Sat,Mar,witer,0,0,0
69078,3/8/2026,Sun,Mar,witer,0,0,0
69079,3/9/2026,Mon,Mar,witer,0,0,0
69080,3/10/2026,Tue,Mar,witer,0,0,0
69081,3/11/2026,Wed,Mar,witer,0,0,0
69082,3/12/2026,Thu,Mar,witer,0,0,0
69083,3/13/2026,Fri,Mar,witer,0,0,0
69084,3/14/2026,Sat,Mar,witer,0,0,0
69085,3/15/2026,Sun,Mar,witer,0,0,0
69086,3/16/2026,Mon,Mar,witer,0,0,0
69087,3/17/2026,Tue,Mar,witer,0,0,0
69088,3/18/2026,Wed,Mar,witer,0,0,0
69089,3/19/2026,Thu,Mar,witer,0,0,0
69090,3/20/2026,Fri,Mar,witer,0,0,0
69091,3/21/2026,Sat,Mar,witer,0,0,0
69092,3/22/2026,Sun,Mar,witer,0,0,0
69093,3/23/2026,Mon,Mar,witer,0,0,0
69094,3/24/2026,Tue,Mar,witer,0,0,0
69095,3/25/2026,Wed,Mar,witer,0,0,0
69096,3/26/2026,Thu,Mar,witer,0,0,0
69097,3/27/2026,Fri,Mar,witer,0,0,0
69098,3/28/2026,Sat,Mar,witer,0,0,0
69099,3/29/2026,Sun,Mar,witer,0,0,0
69100,3/30/2026,Mon,Mar,witer,0,0,0
69101,3/31/2026,Tue,Mar,witer,0,0,0
69171,4/1/2026,Wed,Apr,witer,0,0,0
69172,4/2/2026,Thu,Apr,witer,0,0,0
69173,4/3/2026,Fri,Apr,witer,0,0,0
69174,4/4/2026,Sat,Apr,witer,0,0,0
69175,4/5/2026,Sun,Apr,witer,0,0,0
69176,4/6/2026,Mon,Apr,witer,0,0,0
69177,4/7/2026,Tue,Apr,witer,0,0,0
69178,4/8/2026,Wed,Apr,witer,0,0,0
69179,4/9/2026,Thu,Apr,witer,0,0,0
69180,4/10/2026,Fri,Apr,witer,0,0,0
69181,4/11/2026,Sat,Apr,witer,0,0,0
69182,4/12/2026,Sun,Apr,witer,0,0,0
69183,4/13/2026,Mon,Apr,witer,0,0,0
69184,4/14/2026,Tue,Apr,witer,0,0,0
69185,4/15/2026,Wed,Apr,witer,0,0,0
69186,4/16/2026,Thu,Apr,witer,0,0,0
69187,4/17/2026,Fri,Apr,witer,0,0,0
69188,4/18/2026,Sat,Apr,witer,0,0,0
69189,4/19/2026,Sun,Apr,witer,0,0,0
69190,4/20/2026,Mon,Apr,witer,0,0,0
69191,4/21/2026,Tue,Apr,witer,0,0,0
69192,4/22/2026,Wed,Apr,witer,0,0,0
69193,4/23/2026,Thu,Apr,witer,0,0,0
69194,4/24/2026,Fri,Apr,witer,0,0,0
69195,4/25/2026,Sat,Apr,witer,0,0,0
69196,4/26/2026,Sun,Apr,witer,0,0,0
69197,4/27/2026,Mon,Apr,witer,0,0,0
69198,4/28/2026,Tue,Apr,witer,0,0,0
69199,4/29/2026,Wed,Apr,witer,0,0,0
69200,4/30/2026,Thu,Apr,witer,0,0,0
69271,5/1/2026,Fri,May,witer,0,0,0
69272,5/2/2026,Sat,May,witer,0,0,0
69273,5/3/2026,Sun,May,witer,0,0,0
69274,5/4/2026,Mon,May,witer,0,0,0
69275,5/5/2026,Tue,May,witer,0,0,0
69276,5/6/2026,Wed,May,witer,0,0,0
69277,5/7/2026,Thu,May,witer,0,0,0
69278,5/8/2026,Fri,May,witer,0,0,0
69279,5/9/2026,Sat,May,witer,0,0,0
69280,5/10/2026,Sun,May,witer,0,0,0
69281,5/11/2026,Mon,May,witer,0,0,0
69282,5/12/2026,Tue,May,witer,0,0,0
69283,5/13/2026,Wed,May,witer,0,0,0
69284,5/14/2026,Thu,May,witer,0,0,0
69285,5/15/2026,Fri,May,witer,0,0,0
69286,5/16/2026,Sat,May,witer,0,0,0
69287,5/17/2026,Sun,May,witer,0,0,0
69288,5/18/2026,Mon,May,witer,0,0,0
69289,5/19/2026,Tue,May,witer,0,0,0
69290,5/20/2026,Wed,May,witer,0,0,0
69291,5/21/2026,Thu,May,witer,0,0,0
69292,5/22/2026,Fri,May,witer,0,0,0
69293,5/23/2026,Sat,May,witer,0,0,0
69294,5/24/2026,Sun,May,witer,0,0,0
69295,5/25/2026,Mon,May,witer,0,0,0
69296,5/26/2026,Tue,May,witer,0,0,0
69297,5/27/2026,Wed,May,witer,0,0,0
69298,5/28/2026,Thu,May,witer,0,0,0
69299,5/29/2026,Fri,May,witer,0,0,0
69300,5/30/2026,Sat,May,witer,0,0,0
69301,5/31/2026,Sun,May,witer,0,0,0
69371,6/1/2026,Mon,Jun,witer,0,0,0
69372,6/2/2026,Tue,Jun,witer,0,0,0
69373,6/3/2026,Wed,Jun,witer,0,0,0
69374,6/4/2026,Thu,Jun,witer,0,0,0
69375,6/5/2026,Fri,Jun,witer,0,0,0
69376,6/6/2026,Sat,Jun,witer,0,0,0
69377,6/7/2026,Sun,Jun,witer,0,0,0
69378,6/8/2026,Mon,Jun,witer,0,0,0
69379,6/9/2026,Tue,Jun,witer,0,0,0
69380,6/10/2026,Wed,Jun,witer,0,0,0
69381,6/11/2026,Thu,Jun,witer,0,0,0
69382,6/12/2026,Fri,Jun,witer,0,0,0
69383,6/13/2026,Sat,Jun,witer,0,0,0
69384,6/14/2026,Sun,Jun,witer,0,0,0
69385,6/15/2026,Mon,Jun,witer,0,0,0
69386,6/16/2026,Tue,Jun,witer,0,0,0
69387,6/17/2026,Wed,Jun,witer,0,0,0
69388,6/18/2026,Thu,Jun,witer,0,0,0
69389,6/19/2026,Fri,Jun,witer,0,0,0
69390,6/20/2026,Sat,Jun,witer,0,0,0
69391,6/21/2026,Sun,Jun,witer,0,0,0
69392,6/22/2026,Mon,Jun,witer,0,0,0
69393,6/23/2026,Tue,Jun,witer,0,0,0
69394,6/24/2026,Wed,Jun,witer,0,0,0
69395,6/25/2026,Thu,Jun,witer,0,0,0
69396,6/26/2026,Fri,Jun,witer,0,0,0
69397,6/27/2026,Sat,Jun,witer,0,0,0
69398,6/28/2026,Sun,Jun,witer,0,0,0
69399,6/29/2026,Mon,Jun,witer,0,0,0
69400,6/30/2026,Tue,Jun,witer,0,0,0
69471,7/1/2026,Wed,Jul,witer,0,0,0
69472,7/2/2026,Thu,Jul,witer,0,0,0
69473,7/3/2026,Fri,Jul,witer,0,0,0
69474,7/4/2026,Sat,Jul,witer,0,0,0
69475,7/5/2026,Sun,Jul,witer,0,0,0
69476,7/6/2026,Mon,Jul,witer,0,0,0
69477,7/7/2026,Tue,Jul,witer,0,0,0
69478,7/8/2026,Wed,Jul,witer,0,0,0
69479,7/9/2026,Thu,Jul,witer,0,0,0
69480,7/10/2026,Fri,Jul,witer,0,0,0
69481,7/11/2026,Sat,Jul,witer,0,0,0
69482,7/12/2026,Sun,Jul,witer,0,0,0
69483,7/13/2026,Mon,Jul,witer,0,0,0
69484,7/14/2026,Tue,Jul,witer,0,0,0
69485,7/15/2026,Wed,Jul,witer,0,0,0
69486,7/16/2026,Thu,Jul,witer,0,0,0
69487,7/17/2026,Fri,Jul,witer,0,0,0
69488,7/18/2026,Sat,Jul,witer,0,0,0
69489,7/19/2026,Sun,Jul,witer,0,0,0
69490,7/20/2026,Mon,Jul,witer,0,0,0
69491,7/21/2026,Tue,Jul,witer,0,0,0
69492,7/22/2026,Wed,Jul,witer,0,0,0
69493,7/23/2026,Thu,Jul,witer,0,0,0
69494,7/24/2026,Fri,Jul,witer,0,0,0
69495,7/25/2026,Sat,Jul,witer,0,0,0
69496,7/26/2026,Sun,Jul,witer,0,0,0
69497,7/27/2026,Mon,Jul,witer,0,0,0
69498,7/28/2026,Tue,Jul,witer,0,0,0
69499,7/29/2026,Wed,Jul,witer,0,0,0
69500,7/30/2026,Thu,Jul,witer,0,0,0
69501,7/31/2026,Fri,Jul,witer,0,0,0
69571,8/1/2026,Sat,Aug,witer,0,0,0
69572,8/2/2026,Sun,Aug,witer,0,0,0
69573,8/3/2026,Mon,Aug,witer,0,0,0
69574,8/4/2026,Tue,Aug,witer,0,0,0
69575,8/5/2026,Wed,Aug,witer,0,0,0
69576,8/6/2026,Thu,Aug,witer,0,0,0
69577,8/7/2026,Fri,Aug,witer,0,0,0
69578,8/8/2026,Sat,Aug,witer,0,0,0
69579,8/9/2026,Sun,Aug,witer,0,0,0
69580,8/10/2026,Mon,Aug,witer,0,0,0
69581,8/11/2026,Tue,Aug,witer,0,0,0
69582,8/12/2026,Wed,Aug,witer,0,0,0
69583,8/13/2026,Thu,Aug,witer,0,0,0
69584,8/14/2026,Fri,Aug,witer,0,0,0
69585,8/15/2026,Sat,Aug,witer,0,0,0
69586,8/16/2026,Sun,Aug,witer,0,0,0
69587,8/17/2026,Mon,Aug,witer,0,0,0
69588,8/18/2026,Tue,Aug,witer,0,0,0
69589,8/19/2026,Wed,Aug,witer,0,0,0
69590,8/20/2026,Thu,Aug,witer,0,0,0
69591,8/21/2026,Fri,Aug,witer,0,0,0
69592,8/22/2026,Sat,Aug,witer,0,0,0
69593,8/23/2026,Sun,Aug,witer,0,0,0
69594,8/24/2026,Mon,Aug,witer,0,0,0
69595,8/25/2026,Tue,Aug,witer,0,0,0
69596,8/26/2026,Wed,Aug,witer,0,0,0
69597,8/27/2026,Thu,Aug,witer,0,0,0
69598,8/28/2026,Fri,Aug,witer,0,0,0
69599,8/29/2026,Sat,Aug,witer,0,0,0
69600,8/30/2026,Sun,Aug,witer,0,0,0
69601,8/31/2026,Mon,Aug,witer,0,0,0
69671,9/1/2026,Tue,Sep,witer,0,0,0
69672,9/2/2026,Wed,Sep,witer,0,0,0
69673,9/3/2026,Thu,Sep,witer,0,0,0
69674,9/4/2026,Fri,Sep,witer,0,0,0
69675,9/5/2026,Sat,Sep,witer,0,0,0
69676,9/6/2026,Sun,Sep,witer,0,0,0
69677,9/7/2026,Mon,Sep,witer,0,0,0
69678,9/8/2026,Tue,Sep,witer,0,0,0
69679,9/9/2026,Wed,Sep,witer,0,0,0
69680,9/10/2026,Thu,Sep,witer,0,0,0
69681,9/11/2026,Fri,Sep,witer,0,0,0
69682,9/12/2026,Sat,Sep,witer,0,0,0
69683,9/13/2026,Sun,Sep,witer,0,0,0
69684,9/14/2026,Mon,Sep,witer,0,0,0
69685,9/15/2026,Tue,Sep,witer,0,0,0
69686,9/16/2026,Wed,Sep,witer,0,0,0
69687,9/17/2026,Thu,Sep,witer,0,0,0
69688,9/18/2026,Fri,Sep,witer,0,0,0
69689,9/19/2026,Sat,Sep,witer,0,0,0
69690,9/20/2026,Sun,Sep,witer,0,0,0
69691,9/21/2026,Mon,Sep,witer,0,0,0
69692,9/22/2026,Tue,Sep,witer,0,0,0
69693,9/23/2026,Wed,Sep,witer,0,0,0
69694,9/24/2026,Thu,Sep,witer,0,0,0
69695,9/25/2026,Fri,Sep,witer,0,0,0
69696,9/26/2026,Sat,Sep,witer,0,0,0
69697,9/27/2026,Sun,Sep,witer,0,0,0
69698,9/28/2026,Mon,Sep,witer,0,0,0
69699,9/29/2026,Tue,Sep,witer,0,0,0
69700,9/30/2026,Wed,Sep,witer,0,0,0
69771,10/1/2026,Thu,Oct,witer,0,0,0
69772,10/2/2026,Fri,Oct,witer,0,0,0
69773,10/3/2026,Sat,Oct,witer,0,0,0
69774,10/4/2026,Sun,Oct,witer,0,0,0
69775,10/5/2026,Mon,Oct,witer,0,0,0
69776,10/6/2026,Tue,Oct,witer,0,0,0
69777,10/7/2026,Wed,Oct,witer,0,0,0
69778,10/8/2026,Thu,Oct,witer,0,0,0
69779,10/9/2026,Fri,Oct,witer,0,0,0
69780,10/10/2026,Sat,Oct,witer,0,0,0
69781,10/11/2026,Sun,Oct,witer,0,0,0
69782,10/12/2026,Mon,Oct,witer,0,0,0
69783,10/13/2026,Tue,Oct,witer,0,0,0
69784,10/14/2026,Wed,Oct,witer,0,0,0
69785,10/15/2026,Thu,Oct,witer,0,0,0
69786,10/16/2026,Fri,Oct,witer,0,0,0
69787,10/17/2026,Sat,Oct,witer,0,0,0
69788,10/18/2026,Sun,Oct,witer,0,0,0
69789,10/19/2026,Mon,Oct,witer,0,0,0
69790,10/20/2026,Tue,Oct,witer,0,0,0
69791,10/21/2026,Wed,Oct,witer,0,0,0
69792,10/22/2026,Thu,Oct,witer,0,0,0
69793,10/23/2026,Fri,Oct,witer,0,0,0
69794,10/24/2026,Sat,Oct,witer,0,0,0
69795,10/25/2026,Sun,Oct,witer,0,0,0
69796,10/26/2026,Mon,Oct,witer,0,0,0
69797,10/27/2026,Tue,Oct,witer,0,0,0
69798,10/28/2026,Wed,Oct,witer,0,0,0
69799,10/29/2026,Thu,Oct,witer,0,0,0
69800,10/30/2026,Fri,Oct,witer,0,0,0
69801,10/31/2026,Sat,Oct,witer,0,0,0
69871,11/1/2026,Sun,Nov,witer,0,0,0
69872,11/2/2026,Mon,Nov,witer,0,0,0
69873,11/3/2026,Tue,Nov,witer,0,0,0
69874,11/4/2026,Wed,Nov,witer,0,0,0
69875,11/5/2026,Thu,Nov,witer,0,0,0
69876,11/6/2026,Fri,Nov,witer,0,0,0
69877,11/7/2026,Sat,Nov,witer,0,0,0
69878,11/8/2026,Sun,Nov,witer,0,0,0
69879,11/9/2026,Mon,Nov,witer,0,0,0
69880,11/10/2026,Tue,Nov,witer,0,0,0
69881,11/11/2026,Wed,Nov,witer,0,0,0
69882,11/12/2026,Thu,Nov,witer,0,0,0
69883,11/13/2026,Fri,Nov,witer,0,0,0
69884,11/14/2026,Sat,Nov,witer,0,0,0
69885,11/15/2026,Sun,Nov,witer,0,0,0
69886,11/16/2026,Mon,Nov,witer,0,0,0
69887,11/17/2026,Tue,Nov,witer,0,0,0
69888,11/18/2026,Wed,Nov,witer,0,0,0
69889,11/19/2026,Thu,Nov,witer,0,0,0
69890,11/20/2026,Fri,Nov,witer,0,0,0
69891,11/21/2026,Sat,Nov,witer,0,0,0
69892,11/22/2026,Sun,Nov,witer,0,0,0
69893,11/23/2026,Mon,Nov,witer,0,0,0
69894,11/24/2026,Tue,Nov,witer,0,0,0
69895,11/25/2026,Wed,Nov,witer,0,0,0
69896,11/26/2026,Thu,Nov,witer,0,0,0
69897,11/27/2026,Fri,Nov,witer,0,0,0
69898,11/28/2026,Sat,Nov,witer,0,0,0
69899,11/29/2026,Sun,Nov,witer,0,0,0
69900,11/30/2026,Mon,Nov,witer,0,0,0
69971,12/1/2026,Tue,Dec,witer,0,0,0
69972,12/2/2026,Wed,Dec,witer,0,0,0
69973,12/3/2026,Thu,Dec,witer,0,0,0
69974,12/4/2026,Fri,Dec,witer,0,0,0
69975,12/5/2026,Sat,Dec,witer,0,0,0
69976,12/6/2026,Sun,Dec,witer,0,0,0
69977,12/7/2026,Mon,Dec,witer,0,0,0
69978,12/8/2026,Tue,Dec,witer,0,0,0
69979,12/9/2026,Wed,Dec,witer,0,0,0
69980,12/10/2026,Thu,Dec,witer,0,0,0
69981,12/11/2026,Fri,Dec,witer,0,0,0
69982,12/12/2026,Sat,Dec,witer,0,0,0
69983,12/13/2026,Sun,Dec,witer,0,0,0
69984,12/14/2026,Mon,Dec,witer,0,0,0
69985,12/15/2026,Tue,Dec,witer,0,0,0
69986,12/16/2026,Wed,Dec,witer,0,0,0
69987,12/17/2026,Thu,Dec,witer,0,0,0
69988,12/18/2026,Fri,Dec,witer,0,0,0
69989,12/19/2026,Sat,Dec,witer,0,0,0
69990,12/20/2026,Sun,Dec,witer,0,0,0
69991,12/21/2026,Mon,Dec,witer,0,0,0
69992,12/22/2026,Tue,Dec,witer,0,0,0
69993,12/23/2026,Wed,Dec,witer,0,0,0
69994,12/24/2026,Thu,Dec,witer,0,0,0
69995,12/25/2026,Fri,Dec,witer,0,0,0
69996,12/26/2026,Sat,Dec,witer,0,0,0
69997,12/27/2026,Sun,Dec,witer,0,0,0
69998,12/28/2026,Mon,Dec,witer,0,0,0
69999,12/29/2026,Tue,Dec,witer,0,0,0
70000,12/30/2026,Wed,Dec,witer,0,0,0
70001,12/31/2026,Thu,Dec,witer,0,0,0
78871,1/1/2027,Fri,Jan,witer,0,0,0
78872,1/2/2027,Sat,Jan,witer,0,0,0
78873,1/3/2027,Sun,Jan,witer,0,0,0
78874,1/4/2027,Mon,Jan,witer,0,0,0
78875,1/5/2027,Tue,Jan,witer,0,0,0
78876,1/6/2027,Wed,Jan,witer,0,0,0
78877,1/7/2027,Thu,Jan,witer,0,0,0
78878,1/8/2027,Fri,Jan,witer,0,0,0
78879,1/9/2027,Sat,Jan,witer,0,0,0
78880,1/10/2027,Sun,Jan,witer,0,0,0
78881,1/11/2027,Mon,Jan,witer,0,0,0
78882,1/12/2027,Tue,Jan,witer,0,0,0
78883,1/13/2027,Wed,Jan,witer,0,0,0
78884,1/14/2027,Thu,Jan,witer,0,0,0
78885,1/15/2027,Fri,Jan,witer,0,0,0
78886,1/16/2027,Sat,Jan,witer,0,0,0
78887,1/17/2027,Sun,Jan,witer,0,0,0
78888,1/18/2027,Mon,Jan,witer,0,0,0
78889,1/19/2027,Tue,Jan,witer,0,0,0
78890,1/20/2027,Wed,Jan,witer,0,0,0
78891,1/21/2027,Thu,Jan,witer,0,0,0
78892,1/22/2027,Fri,Jan,witer,0,0,0
78893,1/23/2027,Sat,Jan,witer,0,0,0
78894,1/24/2027,Sun,Jan,witer,0,0,0
78895,1/25/2027,Mon,Jan,witer,0,0,0
78896,1/26/2027,Tue,Jan,witer,0,0,0
78897,1/27/2027,Wed,Jan,witer,0,0,0
78898,1/28/2027,Thu,Jan,witer,0,0,0
78899,1/29/2027,Fri,Jan,witer,0,0,0
78900,1/30/2027,Sat,Jan,witer,0,0,0
78901,1/31/2027,Sun,Jan,witer,0,0,0
78971,2/1/2027,Mon,Feb,witer,0,0,0
78972,2/2/2027,Tue,Feb,witer,0,0,0
78973,2/3/2027,Wed,Feb,witer,0,0,0
78974,2/4/2027,Thu,Feb,witer,0,0,0
78975,2/5/2027,Fri,Feb,witer,0,0,0
78976,2/6/2027,Sat,Feb,witer,0,0,0
78977,2/7/2027,Sun,Feb,witer,0,0,0
78978,2/8/2027,Mon,Feb,witer,0,0,0
78979,2/9/2027,Tue,Feb,witer,0,0,0
78980,2/10/2027,Wed,Feb,witer,0,0,0
78981,2/11/2027,Thu,Feb,witer,0,0,0
78982,2/12/2027,Fri,Feb,witer,0,0,0
78983,2/13/2027,Sat,Feb,witer,0,0,0
78984,2/14/2027,Sun,Feb,witer,0,0,0
78985,2/15/2027,Mon,Feb,witer,0,0,0
78986,2/16/2027,Tue,Feb,witer,0,0,0
78987,2/17/2027,Wed,Feb,witer,0,0,0
78988,2/18/2027,Thu,Feb,witer,0,0,0
78989,2/19/2027,Fri,Feb,witer,0,0,0
78990,2/20/2027,Sat,Feb,witer,0,0,0
78991,2/21/2027,Sun,Feb,witer,0,0,0
78992,2/22/2027,Mon,Feb,witer,0,0,0
78993,2/23/2027,Tue,Feb,witer,0,0,0
78994,2/24/2027,Wed,Feb,witer,0,0,0
78995,2/25/2027,Thu,Feb,witer,0,0,0
78996,2/26/2027,Fri,Feb,witer,0,0,0
78997,2/27/2027,Sat,Feb,witer,0,0,0
78998,2/28/2027,Sun,Feb,witer,0,0,0
79071,3/1/2027,Mon,Mar,witer,0,0,0
79072,3/2/2027,Tue,Mar,witer,0,0,0
79073,3/3/2027,Wed,Mar,witer,0,0,0
79074,3/4/2027,Thu,Mar,witer,0,0,0
79075,3/5/2027,Fri,Mar,witer,0,0,0
79076,3/6/2027,Sat,Mar,witer,0,0,0
79077,3/7/2027,Sun,Mar,witer,0,0,0
79078,3/8/2027,Mon,Mar,witer,0,0,0
79079,3/9/2027,Tue,Mar,witer,0,0,0
79080,3/10/2027,Wed,Mar,witer,0,0,0
79081,3/11/2027,Thu,Mar,witer,0,0,0
79082,3/12/2027,Fri,Mar,witer,0,0,0
79083,3/13/2027,Sat,Mar,witer,0,0,0
79084,3/14/2027,Sun,Mar,witer,0,0,0
79085,3/15/2027,Mon,Mar,witer,0,0,0
79086,3/16/2027,Tue,Mar,witer,0,0,0
79087,3/17/2027,Wed,Mar,witer,0,0,0
79088,3/18/2027,Thu,Mar,witer,0,0,0
79089,3/19/2027,Fri,Mar,witer,0,0,0
79090,3/20/2027,Sat,Mar,witer,0,0,0
79091,3/21/2027,Sun,Mar,witer,0,0,0
79092,3/22/2027,Mon,Mar,witer,0,0,0
79093,3/23/2027,Tue,Mar,witer,0,0,0
79094,3/24/2027,Wed,Mar,witer,0,0,0
79095,3/25/2027,Thu,Mar,witer,0,0,0
79096,3/26/2027,Fri,Mar,witer,0,0,0
79097,3/27/2027,Sat,Mar,witer,0,0,0
79098,3/28/2027,Sun,Mar,witer,0,0,0
79099,3/29/2027,Mon,Mar,witer,0,0,0
79100,3/30/2027,Tue,Mar,witer,0,0,0
79101,3/31/2027,Wed,Mar,witer,0,0,0
79171,4/1/2027,Thu,Apr,witer,0,0,0
79172,4/2/2027,Fri,Apr,witer,0,0,0
79173,4/3/2027,Sat,Apr,witer,0,0,0
79174,4/4/2027,Sun,Apr,witer,0,0,0
79175,4/5/2027,Mon,Apr,witer,0,0,0
79176,4/6/2027,Tue,Apr,witer,0,0,0
79177,4/7/2027,Wed,Apr,witer,0,0,0
79178,4/8/2027,Thu,Apr,witer,0,0,0
79179,4/9/2027,Fri,Apr,witer,0,0,0
79180,4/10/2027,Sat,Apr,witer,0,0,0
79181,4/11/2027,Sun,Apr,witer,0,0,0
79182,4/12/2027,Mon,Apr,witer,0,0,0
79183,4/13/2027,Tue,Apr,witer,0,0,0
79184,4/14/2027,Wed,Apr,witer,0,0,0
79185,4/15/2027,Thu,Apr,witer,0,0,0
79186,4/16/2027,Fri,Apr,witer,0,0,0
79187,4/17/2027,Sat,Apr,witer,0,0,0
79188,4/18/2027,Sun,Apr,witer,0,0,0
79189,4/19/2027,Mon,Apr,witer,0,0,0
79190,4/20/2027,Tue,Apr,witer,0,0,0
79191,4/21/2027,Wed,Apr,witer,0,0,0
79192,4/22/2027,Thu,Apr,witer,0,0,0
79193,4/23/2027,Fri,Apr,witer,0,0,0
79194,4/24/2027,Sat,Apr,witer,0,0,0
79195,4/25/2027,Sun,Apr,witer,0,0,0
79196,4/26/2027,Mon,Apr,witer,0,0,0
79197,4/27/2027,Tue,Apr,witer,0,0,0
79198,4/28/2027,Wed,Apr,witer,0,0,0
79199,4/29/2027,Thu,Apr,witer,0,0,0
79200,4/30/2027,Fri,Apr,witer,0,0,0
79271,5/1/2027,Sat,May,witer,0,0,0
79272,5/2/2027,Sun,May,witer,0,0,0
79273,5/3/2027,Mon,May,witer,0,0,0
79274,5/4/2027,Tue,May,witer,0,0,0
79275,5/5/2027,Wed,May,witer,0,0,0
79276,5/6/2027,Thu,May,witer,0,0,0
79277,5/7/2027,Fri,May,witer,0,0,0
79278,5/8/2027,Sat,May,witer,0,0,0
79279,5/9/2027,Sun,May,witer,0,0,0
79280,5/10/2027,Mon,May,witer,0,0,0
79281,5/11/2027,Tue,May,witer,0,0,0
79282,5/12/2027,Wed,May,witer,0,0,0
79283,5/13/2027,Thu,May,witer,0,0,0
79284,5/14/2027,Fri,May,witer,0,0,0
79285,5/15/2027,Sat,May,witer,0,0,0
79286,5/16/2027,Sun,May,witer,0,0,0
79287,5/17/2027,Mon,May,witer,0,0,0
79288,5/18/2027,Tue,May,witer,0,0,0
79289,5/19/2027,Wed,May,witer,0,0,0
79290,5/20/2027,Thu,May,witer,0,0,0
79291,5/21/2027,Fri,May,witer,0,0,0
79292,5/22/2027,Sat,May,witer,0,0,0
79293,5/23/2027,Sun,May,witer,0,0,0
79294,5/24/2027,Mon,May,witer,0,0,0
79295,5/25/2027,Tue,May,witer,0,0,0
79296,5/26/2027,Wed,May,witer,0,0,0
79297,5/27/2027,Thu,May,witer,0,0,0
79298,5/28/2027,Fri,May,witer,0,0,0
79299,5/29/2027,Sat,May,witer,0,0,0
79300,5/30/2027,Sun,May,witer,0,0,0
79301,5/31/2027,Mon,May,witer,0,0,0
79371,6/1/2027,Tue,Jun,witer,0,0,0
79372,6/2/2027,Wed,Jun,witer,0,0,0
79373,6/3/2027,Thu,Jun,witer,0,0,0
79374,6/4/2027,Fri,Jun,witer,0,0,0
79375,6/5/2027,Sat,Jun,witer,0,0,0
79376,6/6/2027,Sun,Jun,witer,0,0,0
79377,6/7/2027,Mon,Jun,witer,0,0,0
79378,6/8/2027,Tue,Jun,witer,0,0,0
79379,6/9/2027,Wed,Jun,witer,0,0,0
79380,6/10/2027,Thu,Jun,witer,0,0,0
79381,6/11/2027,Fri,Jun,witer,0,0,0
79382,6/12/2027,Sat,Jun,witer,0,0,0
79383,6/13/2027,Sun,Jun,witer,0,0,0
79384,6/14/2027,Mon,Jun,witer,0,0,0
79385,6/15/2027,Tue,Jun,witer,0,0,0
79386,6/16/2027,Wed,Jun,witer,0,0,0
79387,6/17/2027,Thu,Jun,witer,0,0,0
79388,6/18/2027,Fri,Jun,witer,0,0,0
79389,6/19/2027,Sat,Jun,witer,0,0,0
79390,6/20/2027,Sun,Jun,witer,0,0,0
79391,6/21/2027,Mon,Jun,witer,0,0,0
79392,6/22/2027,Tue,Jun,witer,0,0,0
79393,6/23/2027,Wed,Jun,witer,0,0,0
79394,6/24/2027,Thu,Jun,witer,0,0,0
79395,6/25/2027,Fri,Jun,witer,0,0,0
79396,6/26/2027,Sat,Jun,witer,0,0,0
79397,6/27/2027,Sun,Jun,witer,0,0,0
79398,6/28/2027,Mon,Jun,witer,0,0,0
79399,6/29/2027,Tue,Jun,witer,0,0,0
79400,6/30/2027,Wed,Jun,witer,0,0,0
79471,7/1/2027,Thu,Jul,witer,0,0,0
79472,7/2/2027,Fri,Jul,witer,0,0,0
79473,7/3/2027,Sat,Jul,witer,0,0,0
79474,7/4/2027,Sun,Jul,witer,0,0,0
79475,7/5/2027,Mon,Jul,witer,0,0,0
79476,7/6/2027,Tue,Jul,witer,0,0,0
79477,7/7/2027,Wed,Jul,witer,0,0,0
79478,7/8/2027,Thu,Jul,witer,0,0,0
79479,7/9/2027,Fri,Jul,witer,0,0,0
79480,7/10/2027,Sat,Jul,witer,0,0,0
79481,7/11/2027,Sun,Jul,witer,0,0,0
79482,7/12/2027,Mon,Jul,witer,0,0,0
79483,7/13/2027,Tue,Jul,witer,0,0,0
79484,7/14/2027,Wed,Jul,witer,0,0,0
79485,7/15/2027,Thu,Jul,witer,0,0,0
79486,7/16/2027,Fri,Jul,witer,0,0,0
79487,7/17/2027,Sat,Jul,witer,0,0,0
79488,7/18/2027,Sun,Jul,witer,0,0,0
79489,7/19/2027,Mon,Jul,witer,0,0,0
79490,7/20/2027,Tue,Jul,witer,0,0,0
79491,7/21/2027,Wed,Jul,witer,0,0,0
79492,7/22/2027,Thu,Jul,witer,0,0,0
79493,7/23/2027,Fri,Jul,witer,0,0,0
79494,7/24/2027,Sat,Jul,witer,0,0,0
79495,7/25/2027,Sun,Jul,witer,0,0,0
79496,7/26/2027,Mon,Jul,witer,0,0,0
79497,7/27/2027,Tue,Jul,witer,0,0,0
79498,7/28/2027,Wed,Jul,witer,0,0,0
79499,7/29/2027,Thu,Jul,witer,0,0,0
79500,7/30/2027,Fri,Jul,witer,0,0,0
79501,7/31/2027,Sat,Jul,witer,0,0,0
79571,8/1/2027,Sun,Aug,witer,0,0,0
79572,8/2/2027,Mon,Aug,witer,0,0,0
79573,8/3/2027,Tue,Aug,witer,0,0,0
79574,8/4/2027,Wed,Aug,witer,0,0,0
79575,8/5/2027,Thu,Aug,witer,0,0,0
79576,8/6/2027,Fri,Aug,witer,0,0,0
79577,8/7/2027,Sat,Aug,witer,0,0,0
79578,8/8/2027,Sun,Aug,witer,0,0,0
79579,8/9/2027,Mon,Aug,witer,0,0,0
79580,8/10/2027,Tue,Aug,witer,0,0,0
79581,8/11/2027,Wed,Aug,witer,0,0,0
79582,8/12/2027,Thu,Aug,witer,0,0,0
79583,8/13/2027,Fri,Aug,witer,0,0,0
79584,8/14/2027,Sat,Aug,witer,0,0,0
79585,8/15/2027,Sun,Aug,witer,0,0,0
79586,8/16/2027,Mon,Aug,witer,0,0,0
79587,8/17/2027,Tue,Aug,witer,0,0,0
79588,8/18/2027,Wed,Aug,witer,0,0,0
79589,8/19/2027,Thu,Aug,witer,0,0,0
79590,8/20/2027,Fri,Aug,witer,0,0,0
79591,8/21/2027,Sat,Aug,witer,0,0,0
79592,8/22/2027,Sun,Aug,witer,0,0,0
79593,8/23/2027,Mon,Aug,witer,0,0,0
79594,8/24/2027,Tue,Aug,witer,0,0,0
79595,8/25/2027,Wed,Aug,witer,0,0,0
79596,8/26/2027,Thu,Aug,witer,0,0,0
79597,8/27/2027,Fri,Aug,witer,0,0,0
79598,8/28/2027,Sat,Aug,witer,0,0,0
79599,8/29/2027,Sun,Aug,witer,0,0,0
79600,8/30/2027,Mon,Aug,witer,0,0,0
79601,8/31/2027,Tue,Aug,witer,0,0,0
79671,9/1/2027,Wed,Sep,witer,0,0,0
79672,9/2/2027,Thu,Sep,witer,0,0,0
79673,9/3/2027,Fri,Sep,witer,0,0,0
79674,9/4/2027,Sat,Sep,witer,0,0,0
79675,9/5/2027,Sun,Sep,witer,0,0,0
79676,9/6/2027,Mon,Sep,witer,0,0,0
79677,9/7/2027,Tue,Sep,witer,0,0,0
79678,9/8/2027,Wed,Sep,witer,0,0,0
79679,9/9/2027,Thu,Sep,witer,0,0,0
79680,9/10/2027,Fri,Sep,witer,0,0,0
79681,9/11/2027,Sat,Sep,witer,0,0,0
79682,9/12/2027,Sun,Sep,witer,0,0,0
79683,9/13/2027,Mon,Sep,witer,0,0,0
79684,9/14/2027,Tue,Sep,witer,0,0,0
79685,9/15/2027,Wed,Sep,witer,0,0,0
79686,9/16/2027,Thu,Sep,witer,0,0,0
79687,9/17/2027,Fri,Sep,witer,0,0,0
79688,9/18/2027,Sat,Sep,witer,0,0,0
79689,9/19/2027,Sun,Sep,witer,0,0,0
79690,9/20/2027,Mon,Sep,witer,0,0,0
79691,9/21/2027,Tue,Sep,witer,0,0,0
79692,9/22/2027,Wed,Sep,witer,0,0,0
79693,9/23/2027,Thu,Sep,witer,0,0,0
79694,9/24/2027,Fri,Sep,witer,0,0,0
79695,9/25/2027,Sat,Sep,witer,0,0,0
79696,9/26/2027,Sun,Sep,witer,0,0,0
79697,9/27/2027,Mon,Sep,witer,0,0,0
79698,9/28/2027,Tue,Sep,witer,0,0,0
79699,9/29/2027,Wed,Sep,witer,0,0,0
79700,9/30/2027,Thu,Sep,witer,0,0,0
79771,10/1/2027,Fri,Oct,witer,0,0,0
79772,10/2/2027,Sat,Oct,witer,0,0,0
79773,10/3/2027,Sun,Oct,witer,0,0,0
79774,10/4/2027,Mon,Oct,witer,0,0,0
79775,10/5/2027,Tue,Oct,witer,0,0,0
79776,10/6/2027,Wed,Oct,witer,0,0,0
79777,10/7/2027,Thu,Oct,witer,0,0,0
79778,10/8/2027,Fri,Oct,witer,0,0,0
79779,10/9/2027,Sat,Oct,witer,0,0,0
79780,10/10/2027,Sun,Oct,witer,0,0,0
79781,10/11/2027,Mon,Oct,witer,0,0,0
79782,10/12/2027,Tue,Oct,witer,0,0,0
79783,10/13/2027,Wed,Oct,witer,0,0,0
79784,10/14/2027,Thu,Oct,witer,0,0,0
79785,10/15/2027,Fri,Oct,witer,0,0,0
79786,10/16/2027,Sat,Oct,witer,0,0,0
79787,10/17/2027,Sun,Oct,witer,0,0,0
79788,10/18/2027,Mon,Oct,witer,0,0,0
79789,10/19/2027,Tue,Oct,witer,0,0,0
79790,10/20/2027,Wed,Oct,witer,0,0,0
79791,10/21/2027,Thu,Oct,witer,0,0,0
79792,10/22/2027,Fri,Oct,witer,0,0,0
79793,10/23/2027,Sat,Oct,witer,0,0,0
79794,10/24/2027,Sun,Oct,witer,0,0,0
79795,10/25/2027,Mon,Oct,witer,0,0,0
79796,10/26/2027,Tue,Oct,witer,0,0,0
79797,10/27/2027,Wed,Oct,witer,0,0,0
79798,10/28/2027,Thu,Oct,witer,0,0,0
79799,10/29/2027,Fri,Oct,witer,0,0,0
79800,10/30/2027,Sat,Oct,witer,0,0,0
79801,10/31/2027,Sun,Oct,witer,0,0,0
79871,11/1/2027,Mon,Nov,witer,0,0,0
79872,11/2/2027,Tue,Nov,witer,0,0,0
79873,11/3/2027,Wed,Nov,witer,0,0,0
79874,11/4/2027,Thu,Nov,witer,0,0,0
79875,11/5/2027,Fri,Nov,witer,0,0,0
79876,11/6/2027,Sat,Nov,witer,0,0,0
79877,11/7/2027,Sun,Nov,witer,0,0,0
79878,11/8/2027,Mon,Nov,witer,0,0,0
79879,11/9/2027,Tue,Nov,witer,0,0,0
79880,11/10/2027,Wed,Nov,witer,0,0,0
79881,11/11/2027,Thu,Nov,witer,0,0,0
79882,11/12/2027,Fri,Nov,witer,0,0,0
79883,11/13/2027,Sat,Nov,witer,0,0,0
79884,11/14/2027,Sun,Nov,witer,0,0,0
79885,11/15/2027,Mon,Nov,witer,0,0,0
79886,11/16/2027,Tue,Nov,witer,0,0,0
79887,11/17/2027,Wed,Nov,witer,0,0,0
79888,11/18/2027,Thu,Nov,witer,0,0,0
79889,11/19/2027,Fri,Nov,witer,0,0,0
79890,11/20/2027,Sat,Nov,witer,0,0,0
79891,11/21/2027,Sun,Nov,witer,0,0,0
79892,11/22/2027,Mon,Nov,witer,0,0,0
79893,11/23/2027,Tue,Nov,witer,0,0,0
79894,11/24/2027,Wed,Nov,witer,0,0,0
79895,11/25/2027,Thu,Nov,witer,0,0,0
79896,11/26/2027,Fri,Nov,witer,0,0,0
79897,11/27/2027,Sat,Nov,witer,0,0,0
79898,11/28/2027,Sun,Nov,witer,0,0,0
79899,11/29/2027,Mon,Nov,witer,0,0,0
79900,11/30/2027,Tue,Nov,witer,0,0,0
79971,12/1/2027,Wed,Dec,witer,0,0,0
79972,12/2/2027,Thu,Dec,witer,0,0,0
79973,12/3/2027,Fri,Dec,witer,0,0,0
79974,12/4/2027,Sat,Dec,witer,0,0,0
79975,12/5/2027,Sun,Dec,witer,0,0,0
79976,12/6/2027,Mon,Dec,witer,0,0,0
79977,12/7/2027,Tue,Dec,witer,0,0,0
79978,12/8/2027,Wed,Dec,witer,0,0,0
79979,12/9/2027,Thu,Dec,witer,0,0,0
79980,12/10/2027,Fri,Dec,witer,0,0,0
79981,12/11/2027,Sat,Dec,witer,0,0,0
79982,12/12/2027,Sun,Dec,witer,0,0,0
79983,12/13/2027,Mon,Dec,witer,0,0,0
79984,12/14/2027,Tue,Dec,witer,0,0,0
79985,12/15/2027,Wed,Dec,witer,0,0,0
79986,12/16/2027,Thu,Dec,witer,0,0,0
79987,12/17/2027,Fri,Dec,witer,0,0,0
79988,12/18/2027,Sat,Dec,witer,0,0,0
79989,12/19/2027,Sun,Dec,witer,0,0,0
79990,12/20/2027,Mon,Dec,witer,0,0,0
79991,12/21/2027,Tue,Dec,witer,0,0,0
79992,12/22/2027,Wed,Dec,witer,0,0,0
79993,12/23/2027,Thu,Dec,witer,0,0,0
79994,12/24/2027,Fri,Dec,witer,0,0,0
79995,12/25/2027,Sat,Dec,witer,0,0,0
79996,12/26/2027,Sun,Dec,witer,0,0,0
79997,12/27/2027,Mon,Dec,witer,0,0,0
79998,12/28/2027,Tue,Dec,witer,0,0,0
79999,12/29/2027,Wed,Dec,witer,0,0,0
80000,12/30/2027,Thu,Dec,witer,0,0,0
80001,12/31/2027,Fri,Dec,witer,0,0,0
88871,1/1/2028,Sat,Jan,witer,0,0,0
88872,1/2/2028,Sun,Jan,witer,0,0,0
88873,1/3/2028,Mon,Jan,witer,0,0,0
88874,1/4/2028,Tue,Jan,witer,0,0,0
88875,1/5/2028,Wed,Jan,witer,0,0,0
88876,1/6/2028,Thu,Jan,witer,0,0,0
88877,1/7/2028,Fri,Jan,witer,0,0,0
88878,1/8/2028,Sat,Jan,witer,0,0,0
88879,1/9/2028,Sun,Jan,witer,0,0,0
88880,1/10/2028,Mon,Jan,witer,0,0,0
88881,1/11/2028,Tue,Jan,witer,0,0,0
88882,1/12/2028,Wed,Jan,witer,0,0,0
88883,1/13/2028,Thu,Jan,witer,0,0,0
88884,1/14/2028,Fri,Jan,witer,0,0,0
88885,1/15/2028,Sat,Jan,witer,0,0,0
88886,1/16/2028,Sun,Jan,witer,0,0,0
88887,1/17/2028,Mon,Jan,witer,0,0,0
88888,1/18/2028,Tue,Jan,witer,0,0,0
88889,1/19/2028,Wed,Jan,witer,0,0,0
88890,1/20/2028,Thu,Jan,witer,0,0,0
88891,1/21/2028,Fri,Jan,witer,0,0,0
88892,1/22/2028,Sat,Jan,witer,0,0,0
88893,1/23/2028,Sun,Jan,witer,0,0,0
88894,1/24/2028,Mon,Jan,witer,0,0,0
88895,1/25/2028,Tue,Jan,witer,0,0,0
88896,1/26/2028,Wed,Jan,witer,0,0,0
88897,1/27/2028,Thu,Jan,witer,0,0,0
88898,1/28/2028,Fri,Jan,witer,0,0,0
88899,1/29/2028,Sat,Jan,witer,0,0,0
88900,1/30/2028,Sun,Jan,witer,0,0,0
88901,1/31/2028,Mon,Jan,witer,0,0,0
88971,2/1/2028,Tue,Feb,witer,0,0,0
88972,2/2/2028,Wed,Feb,witer,0,0,0
88973,2/3/2028,Thu,Feb,witer,0,0,0
88974,2/4/2028,Fri,Feb,witer,0,0,0
88975,2/5/2028,Sat,Feb,witer,0,0,0
88976,2/6/2028,Sun,Feb,witer,0,0,0
88977,2/7/2028,Mon,Feb,witer,0,0,0
88978,2/8/2028,Tue,Feb,witer,0,0,0
88979,2/9/2028,Wed,Feb,witer,0,0,0
88980,2/10/2028,Thu,Feb,witer,0,0,0
88981,2/11/2028,Fri,Feb,witer,0,0,0
88982,2/12/2028,Sat,Feb,witer,0,0,0
88983,2/13/2028,Sun,Feb,witer,0,0,0
88984,2/14/2028,Mon,Feb,witer,0,0,0
88985,2/15/2028,Tue,Feb,witer,0,0,0
88986,2/16/2028,Wed,Feb,witer,0,0,0
88987,2/17/2028,Thu,Feb,witer,0,0,0
88988,2/18/2028,Fri,Feb,witer,0,0,0
88989,2/19/2028,Sat,Feb,witer,0,0,0
88990,2/20/2028,Sun,Feb,witer,0,0,0
88991,2/21/2028,Mon,Feb,witer,0,0,0
88992,2/22/2028,Tue,Feb,witer,0,0,0
88993,2/23/2028,Wed,Feb,witer,0,0,0
88994,2/24/2028,Thu,Feb,witer,0,0,0
88995,2/25/2028,Fri,Feb,witer,0,0,0
88996,2/26/2028,Sat,Feb,witer,0,0,0
88997,2/27/2028,Sun,Feb,witer,0,0,0
88998,2/28/2028,Mon,Feb,witer,0,0,0
88999,2/29/2028,Tue,Feb,witer,0,0,0
89071,3/1/2028,Wed,Mar,witer,0,0,0
89072,3/2/2028,Thu,Mar,witer,0,0,0
89073,3/3/2028,Fri,Mar,witer,0,0,0
89074,3/4/2028,Sat,Mar,witer,0,0,0
89075,3/5/2028,Sun,Mar,witer,0,0,0
89076,3/6/2028,Mon,Mar,witer,0,0,0
89077,3/7/2028,Tue,Mar,witer,0,0,0
89078,3/8/2028,Wed,Mar,witer,0,0,0
89079,3/9/2028,Thu,Mar,witer,0,0,0
89080,3/10/2028,Fri,Mar,witer,0,0,0
89081,3/11/2028,Sat,Mar,witer,0,0,0
89082,3/12/2028,Sun,Mar,witer,0,0,0
89083,3/13/2028,Mon,Mar,witer,0,0,0
89084,3/14/2028,Tue,Mar,witer,0,0,0
89085,3/15/2028,Wed,Mar,witer,0,0,0
89086,3/16/2028,Thu,Mar,witer,0,0,0
89087,3/17/2028,Fri,Mar,witer,0,0,0
89088,3/18/2028,Sat,Mar,witer,0,0,0
89089,3/19/2028,Sun,Mar,witer,0,0,0
89090,3/20/2028,Mon,Mar,witer,0,0,0
89091,3/21/2028,Tue,Mar,witer,0,0,0
89092,3/22/2028,Wed,Mar,witer,0,0,0
89093,3/23/2028,Thu,Mar,witer,0,0,0
89094,3/24/2028,Fri,Mar,witer,0,0,0
89095,3/25/2028,Sat,Mar,witer,0,0,0
89096,3/26/2028,Sun,Mar,witer,0,0,0
89097,3/27/2028,Mon,Mar,witer,0,0,0
89098,3/28/2028,Tue,Mar,witer,0,0,0
89099,3/29/2028,Wed,Mar,witer,0,0,0
89100,3/30/2028,Thu,Mar,witer,0,0,0
89101,3/31/2028,Fri,Mar,witer,0,0,0
89171,4/1/2028,Sat,Apr,witer,0,0,0
89172,4/2/2028,Sun,Apr,witer,0,0,0
89173,4/3/2028,Mon,Apr,witer,0,0,0
89174,4/4/2028,Tue,Apr,witer,0,0,0
89175,4/5/2028,Wed,Apr,witer,0,0,0
89176,4/6/2028,Thu,Apr,witer,0,0,0
89177,4/7/2028,Fri,Apr,witer,0,0,0
89178,4/8/2028,Sat,Apr,witer,0,0,0
89179,4/9/2028,Sun,Apr,witer,0,0,0
89180,4/10/2028,Mon,Apr,witer,0,0,0
89181,4/11/2028,Tue,Apr,witer,0,0,0
89182,4/12/2028,Wed,Apr,witer,0,0,0
89183,4/13/2028,Thu,Apr,witer,0,0,0
89184,4/14/2028,Fri,Apr,witer,0,0,0
89185,4/15/2028,Sat,Apr,witer,0,0,0
89186,4/16/2028,Sun,Apr,witer,0,0,0
89187,4/17/2028,Mon,Apr,witer,0,0,0
89188,4/18/2028,Tue,Apr,witer,0,0,0
89189,4/19/2028,Wed,Apr,witer,0,0,0
89190,4/20/2028,Thu,Apr,witer,0,0,0
89191,4/21/2028,Fri,Apr,witer,0,0,0
89192,4/22/2028,Sat,Apr,witer,0,0,0
89193,4/23/2028,Sun,Apr,witer,0,0,0
89194,4/24/2028,Mon,Apr,witer,0,0,0
89195,4/25/2028,Tue,Apr,witer,0,0,0
89196,4/26/2028,Wed,Apr,witer,0,0,0
89197,4/27/2028,Thu,Apr,witer,0,0,0
89198,4/28/2028,Fri,Apr,witer,0,0,0
89199,4/29/2028,Sat,Apr,witer,0,0,0
89200,4/30/2028,Sun,Apr,witer,0,0,0
89271,5/1/2028,Mon,May,witer,0,0,0
89272,5/2/2028,Tue,May,witer,0,0,0
89273,5/3/2028,Wed,May,witer,0,0,0
89274,5/4/2028,Thu,May,witer,0,0,0
89275,5/5/2028,Fri,May,witer,0,0,0
89276,5/6/2028,Sat,May,witer,0,0,0
89277,5/7/2028,Sun,May,witer,0,0,0
89278,5/8/2028,Mon,May,witer,0,0,0
89279,5/9/2028,Tue,May,witer,0,0,0
89280,5/10/2028,Wed,May,witer,0,0,0
89281,5/11/2028,Thu,May,witer,0,0,0
89282,5/12/2028,Fri,May,witer,0,0,0
89283,5/13/2028,Sat,May,witer,0,0,0
89284,5/14/2028,Sun,May,witer,0,0,0
89285,5/15/2028,Mon,May,witer,0,0,0
89286,5/16/2028,Tue,May,witer,0,0,0
89287,5/17/2028,Wed,May,witer,0,0,0
89288,5/18/2028,Thu,May,witer,0,0,0
89289,5/19/2028,Fri,May,witer,0,0,0
89290,5/20/2028,Sat,May,witer,0,0,0
89291,5/21/2028,Sun,May,witer,0,0,0
89292,5/22/2028,Mon,May,witer,0,0,0
89293,5/23/2028,Tue,May,witer,0,0,0
89294,5/24/2028,Wed,May,witer,0,0,0
89295,5/25/2028,Thu,May,witer,0,0,0
89296,5/26/2028,Fri,May,witer,0,0,0
89297,5/27/2028,Sat,May,witer,0,0,0
89298,5/28/2028,Sun,May,witer,0,0,0
89299,5/29/2028,Mon,May,witer,0,0,0
89300,5/30/2028,Tue,May,witer,0,0,0
89301,5/31/2028,Wed,May,witer,0,0,0
89371,6/1/2028,Thu,Jun,witer,0,0,0
89372,6/2/2028,Fri,Jun,witer,0,0,0
89373,6/3/2028,Sat,Jun,witer,0,0,0
89374,6/4/2028,Sun,Jun,witer,0,0,0
89375,6/5/2028,Mon,Jun,witer,0,0,0
89376,6/6/2028,Tue,Jun,witer,0,0,0
89377,6/7/2028,Wed,Jun,witer,0,0,0
89378,6/8/2028,Thu,Jun,witer,0,0,0
89379,6/9/2028,Fri,Jun,witer,0,0,0
89380,6/10/2028,Sat,Jun,witer,0,0,0
89381,6/11/2028,Sun,Jun,witer,0,0,0
89382,6/12/2028,Mon,Jun,witer,0,0,0
89383,6/13/2028,Tue,Jun,witer,0,0,0
89384,6/14/2028,Wed,Jun,witer,0,0,0
89385,6/15/2028,Thu,Jun,witer,0,0,0
89386,6/16/2028,Fri,Jun,witer,0,0,0
89387,6/17/2028,Sat,Jun,witer,0,0,0
89388,6/18/2028,Sun,Jun,witer,0,0,0
89389,6/19/2028,Mon,Jun,witer,0,0,0
89390,6/20/2028,Tue,Jun,witer,0,0,0
89391,6/21/2028,Wed,Jun,witer,0,0,0
89392,6/22/2028,Thu,Jun,witer,0,0,0
89393,6/23/2028,Fri,Jun,witer,0,0,0
89394,6/24/2028,Sat,Jun,witer,0,0,0
89395,6/25/2028,Sun,Jun,witer,0,0,0
89396,6/26/2028,Mon,Jun,witer,0,0,0
89397,6/27/2028,Tue,Jun,witer,0,0,0
89398,6/28/2028,Wed,Jun,witer,0,0,0
89399,6/29/2028,Thu,Jun,witer,0,0,0
89400,6/30/2028,Fri,Jun,witer,0,0,0
89471,7/1/2028,Sat,Jul,witer,0,0,0
89472,7/2/2028,Sun,Jul,witer,0,0,0
89473,7/3/2028,Mon,Jul,witer,0,0,0
89474,7/4/2028,Tue,Jul,witer,0,0,0
89475,7/5/2028,Wed,Jul,witer,0,0,0
89476,7/6/2028,Thu,Jul,witer,0,0,0
89477,7/7/2028,Fri,Jul,witer,0,0,0
89478,7/8/2028,Sat,Jul,witer,0,0,0
89479,7/9/2028,Sun,Jul,witer,0,0,0
89480,7/10/2028,Mon,Jul,witer,0,0,0
89481,7/11/2028,Tue,Jul,witer,0,0,0
89482,7/12/2028,Wed,Jul,witer,0,0,0
89483,7/13/2028,Thu,Jul,witer,0,0,0
89484,7/14/2028,Fri,Jul,witer,0,0,0
89485,7/15/2028,Sat,Jul,witer,0,0,0
89486,7/16/2028,Sun,Jul,witer,0,0,0
89487,7/17/2028,Mon,Jul,witer,0,0,0
89488,7/18/2028,Tue,Jul,witer,0,0,0
89489,7/19/2028,Wed,Jul,witer,0,0,0
89490,7/20/2028,Thu,Jul,witer,0,0,0
89491,7/21/2028,Fri,Jul,witer,0,0,0
89492,7/22/2028,Sat,Jul,witer,0,0,0
89493,7/23/2028,Sun,Jul,witer,0,0,0
89494,7/24/2028,Mon,Jul,witer,0,0,0
89495,7/25/2028,Tue,Jul,witer,0,0,0
89496,7/26/2028,Wed,Jul,witer,0,0,0
89497,7/27/2028,Thu,Jul,witer,0,0,0
89498,7/28/2028,Fri,Jul,witer,0,0,0
89499,7/29/2028,Sat,Jul,witer,0,0,0
89500,7/30/2028,Sun,Jul,witer,0,0,0
89501,7/31/2028,Mon,Jul,witer,0,0,0
89571,8/1/2028,Tue,Aug,witer,0,0,0
89572,8/2/2028,Wed,Aug,witer,0,0,0
89573,8/3/2028,Thu,Aug,witer,0,0,0
89574,8/4/2028,Fri,Aug,witer,0,0,0
89575,8/5/2028,Sat,Aug,witer,0,0,0
89576,8/6/2028,Sun,Aug,witer,0,0,0
89577,8/7/2028,Mon,Aug,witer,0,0,0
89578,8/8/2028,Tue,Aug,witer,0,0,0
89579,8/9/2028,Wed,Aug,witer,0,0,0
89580,8/10/2028,Thu,Aug,witer,0,0,0
89581,8/11/2028,Fri,Aug,witer,0,0,0
89582,8/12/2028,Sat,Aug,witer,0,0,0
89583,8/13/2028,Sun,Aug,witer,0,0,0
89584,8/14/2028,Mon,Aug,witer,0,0,0
89585,8/15/2028,Tue,Aug,witer,0,0,0
89586,8/16/2028,Wed,Aug,witer,0,0,0
89587,8/17/2028,Thu,Aug,witer,0,0,0
89588,8/18/2028,Fri,Aug,witer,0,0,0
89589,8/19/2028,Sat,Aug,witer,0,0,0
89590,8/20/2028,Sun,Aug,witer,0,0,0
89591,8/21/2028,Mon,Aug,witer,0,0,0
89592,8/22/2028,Tue,Aug,witer,0,0,0
89593,8/23/2028,Wed,Aug,witer,0,0,0
89594,8/24/2028,Thu,Aug,witer,0,0,0
89595,8/25/2028,Fri,Aug,witer,0,0,0
89596,8/26/2028,Sat,Aug,witer,0,0,0
89597,8/27/2028,Sun,Aug,witer,0,0,0
89598,8/28/2028,Mon,Aug,witer,0,0,0
89599,8/29/2028,Tue,Aug,witer,0,0,0
89600,8/30/2028,Wed,Aug,witer,0,0,0
89601,8/31/2028,Thu,Aug,witer,0,0,0
89671,9/1/2028,Fri,Sep,witer,0,0,0
89672,9/2/2028,Sat,Sep,witer,0,0,0
89673,9/3/2028,Sun,Sep,witer,0,0,0
89674,9/4/2028,Mon,Sep,witer,0,0,0
89675,9/5/2028,Tue,Sep,witer,0,0,0
89676,9/6/2028,Wed,Sep,witer,0,0,0
89677,9/7/2028,Thu,Sep,witer,0,0,0
89678,9/8/2028,Fri,Sep,witer,0,0,0
89679,9/9/2028,Sat,Sep,witer,0,0,0
89680,9/10/2028,Sun,Sep,witer,0,0,0
89681,9/11/2028,Mon,Sep,witer,0,0,0
89682,9/12/2028,Tue,Sep,witer,0,0,0
89683,9/13/2028,Wed,Sep,witer,0,0,0
89684,9/14/2028,Thu,Sep,witer,0,0,0
89685,9/15/2028,Fri,Sep,witer,0,0,0
89686,9/16/2028,Sat,Sep,witer,0,0,0
89687,9/17/2028,Sun,Sep,witer,0,0,0
89688,9/18/2028,Mon,Sep,witer,0,0,0
89689,9/19/2028,Tue,Sep,witer,0,0,0
89690,9/20/2028,Wed,Sep,witer,0,0,0
89691,9/21/2028,Thu,Sep,witer,0,0,0
89692,9/22/2028,Fri,Sep,witer,0,0,0
89693,9/23/2028,Sat,Sep,witer,0,0,0
89694,9/24/2028,Sun,Sep,witer,0,0,0
89695,9/25/2028,Mon,Sep,witer,0,0,0
89696,9/26/2028,Tue,Sep,witer,0,0,0
89697,9/27/2028,Wed,Sep,witer,0,0,0
89698,9/28/2028,Thu,Sep,witer,0,0,0
89699,9/29/2028,Fri,Sep,witer,0,0,0
89700,9/30/2028,Sat,Sep,witer,0,0,0
89771,10/1/2028,Sun,Oct,witer,0,0,0
89772,10/2/2028,Mon,Oct,witer,0,0,0
89773,10/3/2028,Tue,Oct,witer,0,0,0
89774,10/4/2028,Wed,Oct,witer,0,0,0
89775,10/5/2028,Thu,Oct,witer,0,0,0
89776,10/6/2028,Fri,Oct,witer,0,0,0
89777,10/7/2028,Sat,Oct,witer,0,0,0
89778,10/8/2028,Sun,Oct,witer,0,0,0
89779,10/9/2028,Mon,Oct,witer,0,0,0
89780,10/10/2028,Tue,Oct,witer,0,0,0
89781,10/11/2028,Wed,Oct,witer,0,0,0
89782,10/12/2028,Thu,Oct,witer,0,0,0
89783,10/13/2028,Fri,Oct,witer,0,0,0
89784,10/14/2028,Sat,Oct,witer,0,0,0
89785,10/15/2028,Sun,Oct,witer,0,0,0
89786,10/16/2028,Mon,Oct,witer,0,0,0
89787,10/17/2028,Tue,Oct,witer,0,0,0
89788,10/18/2028,Wed,Oct,witer,0,0,0
89789,10/19/2028,Thu,Oct,witer,0,0,0
89790,10/20/2028,Fri,Oct,witer,0,0,0
89791,10/21/2028,Sat,Oct,witer,0,0,0
89792,10/22/2028,Sun,Oct,witer,0,0,0
89793,10/23/2028,Mon,Oct,witer,0,0,0
89794,10/24/2028,Tue,Oct,witer,0,0,0
89795,10/25/2028,Wed,Oct,witer,0,0,0
89796,10/26/2028,Thu,Oct,witer,0,0,0
89797,10/27/2028,Fri,Oct,witer,0,0,0
89798,10/28/2028,Sat,Oct,witer,0,0,0
89799,10/29/2028,Sun,Oct,witer,0,0,0
89800,10/30/2028,Mon,Oct,witer,0,0,0
89801,10/31/2028,Tue,Oct,witer,0,0,0
89871,11/1/2028,Wed,Nov,witer,0,0,0
89872,11/2/2028,Thu,Nov,witer,0,0,0
89873,11/3/2028,Fri,Nov,witer,0,0,0
89874,11/4/2028,Sat,Nov,witer,0,0,0
89875,11/5/2028,Sun,Nov,witer,0,0,0
89876,11/6/2028,Mon,Nov,witer,0,0,0
89877,11/7/2028,Tue,Nov,witer,0,0,0
89878,11/8/2028,Wed,Nov,witer,0,0,0
89879,11/9/2028,Thu,Nov,witer,0,0,0
89880,11/10/2028,Fri,Nov,witer,0,0,0
89881,11/11/2028,Sat,Nov,witer,0,0,0
89882,11/12/2028,Sun,Nov,witer,0,0,0
89883,11/13/2028,Mon,Nov,witer,0,0,0
89884,11/14/2028,Tue,Nov,witer,0,0,0
89885,11/15/2028,Wed,Nov,witer,0,0,0
89886,11/16/2028,Thu,Nov,witer,0,0,0
89887,11/17/2028,Fri,Nov,witer,0,0,0
89888,11/18/2028,Sat,Nov,witer,0,0,0
89889,11/19/2028,Sun,Nov,witer,0,0,0
89890,11/20/2028,Mon,Nov,witer,0,0,0
89891,11/21/2028,Tue,Nov,witer,0,0,0
89892,11/22/2028,Wed,Nov,witer,0,0,0
89893,11/23/2028,Thu,Nov,witer,0,0,0
89894,11/24/2028,Fri,Nov,witer,0,0,0
89895,11/25/2028,Sat,Nov,witer,0,0,0
89896,11/26/2028,Sun,Nov,witer,0,0,0
89897,11/27/2028,Mon,Nov,witer,0,0,0
89898,11/28/2028,Tue,Nov,witer,0,0,0
89899,11/29/2028,Wed,Nov,witer,0,0,0
89900,11/30/2028,Thu,Nov,witer,0,0,0
89971,12/1/2028,Fri,Dec,witer,0,0,0
89972,12/2/2028,Sat,Dec,witer,0,0,0
89973,12/3/2028,Sun,Dec,witer,0,0,0
89974,12/4/2028,Mon,Dec,witer,0,0,0
89975,12/5/2028,Tue,Dec,witer,0,0,0
89976,12/6/2028,Wed,Dec,witer,0,0,0
89977,12/7/2028,Thu,Dec,witer,0,0,0
89978,12/8/2028,Fri,Dec,witer,0,0,0
89979,12/9/2028,Sat,Dec,witer,0,0,0
89980,12/10/2028,Sun,Dec,witer,0,0,0
89981,12/11/2028,Mon,Dec,witer,0,0,0
89982,12/12/2028,Tue,Dec,witer,0,0,0
89983,12/13/2028,Wed,Dec,witer,0,0,0
89984,12/14/2028,Thu,Dec,witer,0,0,0
89985,12/15/2028,Fri,Dec,witer,0,0,0
89986,12/16/2028,Sat,Dec,witer,0,0,0
89987,12/17/2028,Sun,Dec,witer,0,0,0
89988,12/18/2028,Mon,Dec,witer,0,0,0
89989,12/19/2028,Tue,Dec,witer,0,0,0
89990,12/20/2028,Wed,Dec,witer,0,0,0
89991,12/21/2028,Thu,Dec,witer,0,0,0
89992,12/22/2028,Fri,Dec,witer,0,0,0
89993,12/23/2028,Sat,Dec,witer,0,0,0
89994,12/24/2028,Sun,Dec,witer,0,0,0
89995,12/25/2028,Mon,Dec,witer,0,0,0
89996,12/26/2028,Tue,Dec,witer,0,0,0
89997,12/27/2028,Wed,Dec,witer,0,0,0
89998,12/28/2028,Thu,Dec,witer,0,0,0
89999,12/29/2028,Fri,Dec,witer,0,0,0
90000,12/30/2028,Sat,Dec,witer,0,0,0
90001,12/31/2028,Sun,Dec,witer,0,0,0
98871,1/1/2029,Mon,Jan,witer,0,0,0
98872,1/2/2029,Tue,Jan,witer,0,0,0
98873,1/3/2029,Wed,Jan,witer,0,0,0
98874,1/4/2029,Thu,Jan,witer,0,0,0
98875,1/5/2029,Fri,Jan,witer,0,0,0
98876,1/6/2029,Sat,Jan,witer,0,0,0
98877,1/7/2029,Sun,Jan,witer,0,0,0
98878,1/8/2029,Mon,Jan,witer,0,0,0
98879,1/9/2029,Tue,Jan,witer,0,0,0
98880,1/10/2029,Wed,Jan,witer,0,0,0
98881,1/11/2029,Thu,Jan,witer,0,0,0
98882,1/12/2029,Fri,Jan,witer,0,0,0
98883,1/13/2029,Sat,Jan,witer,0,0,0
98884,1/14/2029,Sun,Jan,witer,0,0,0
98885,1/15/2029,Mon,Jan,witer,0,0,0
98886,1/16/2029,Tue,Jan,witer,0,0,0
98887,1/17/2029,Wed,Jan,witer,0,0,0
98888,1/18/2029,Thu,Jan,witer,0,0,0
98889,1/19/2029,Fri,Jan,witer,0,0,0
98890,1/20/2029,Sat,Jan,witer,0,0,0
98891,1/21/2029,Sun,Jan,witer,0,0,0
98892,1/22/2029,Mon,Jan,witer,0,0,0
98893,1/23/2029,Tue,Jan,witer,0,0,0
98894,1/24/2029,Wed,Jan,witer,0,0,0
98895,1/25/2029,Thu,Jan,witer,0,0,0
98896,1/26/2029,Fri,Jan,witer,0,0,0
98897,1/27/2029,Sat,Jan,witer,0,0,0
98898,1/28/2029,Sun,Jan,witer,0,0,0
98899,1/29/2029,Mon,Jan,witer,0,0,0
98900,1/30/2029,Tue,Jan,witer,0,0,0
98901,1/31/2029,Wed,Jan,witer,0,0,0
98971,2/1/2029,Thu,Feb,witer,0,0,0
98972,2/2/2029,Fri,Feb,witer,0,0,0
98973,2/3/2029,Sat,Feb,witer,0,0,0
98974,2/4/2029,Sun,Feb,witer,0,0,0
98975,2/5/2029,Mon,Feb,witer,0,0,0
98976,2/6/2029,Tue,Feb,witer,0,0,0
98977,2/7/2029,Wed,Feb,witer,0,0,0
98978,2/8/2029,Thu,Feb,witer,0,0,0
98979,2/9/2029,Fri,Feb,witer,0,0,0
98980,2/10/2029,Sat,Feb,witer,0,0,0
98981,2/11/2029,Sun,Feb,witer,0,0,0
98982,2/12/2029,Mon,Feb,witer,0,0,0
98983,2/13/2029,Tue,Feb,witer,0,0,0
98984,2/14/2029,Wed,Feb,witer,0,0,0
98985,2/15/2029,Thu,Feb,witer,0,0,0
98986,2/16/2029,Fri,Feb,witer,0,0,0
98987,2/17/2029,Sat,Feb,witer,0,0,0
98988,2/18/2029,Sun,Feb,witer,0,0,0
98989,2/19/2029,Mon,Feb,witer,0,0,0
98990,2/20/2029,Tue,Feb,witer,0,0,0
98991,2/21/2029,Wed,Feb,witer,0,0,0
98992,2/22/2029,Thu,Feb,witer,0,0,0
98993,2/23/2029,Fri,Feb,witer,0,0,0
98994,2/24/2029,Sat,Feb,witer,0,0,0
98995,2/25/2029,Sun,Feb,witer,0,0,0
98996,2/26/2029,Mon,Feb,witer,0,0,0
98997,2/27/2029,Tue,Feb,witer,0,0,0
98998,2/28/2029,Wed,Feb,witer,0,0,0
99071,3/1/2029,Thu,Mar,witer,0,0,0
99072,3/2/2029,Fri,Mar,witer,0,0,0
99073,3/3/2029,Sat,Mar,witer,0,0,0
99074,3/4/2029,Sun,Mar,witer,0,0,0
99075,3/5/2029,Mon,Mar,witer,0,0,0
99076,3/6/2029,Tue,Mar,witer,0,0,0
99077,3/7/2029,Wed,Mar,witer,0,0,0
99078,3/8/2029,Thu,Mar,witer,0,0,0
99079,3/9/2029,Fri,Mar,witer,0,0,0
99080,3/10/2029,Sat,Mar,witer,0,0,0
99081,3/11/2029,Sun,Mar,witer,0,0,0
99082,3/12/2029,Mon,Mar,witer,0,0,0
99083,3/13/2029,Tue,Mar,witer,0,0,0
99084,3/14/2029,Wed,Mar,witer,0,0,0
99085,3/15/2029,Thu,Mar,witer,0,0,0
99086,3/16/2029,Fri,Mar,witer,0,0,0
99087,3/17/2029,Sat,Mar,witer,0,0,0
99088,3/18/2029,Sun,Mar,witer,0,0,0
99089,3/19/2029,Mon,Mar,witer,0,0,0
99090,3/20/2029,Tue,Mar,witer,0,0,0
99091,3/21/2029,Wed,Mar,witer,0,0,0
99092,3/22/2029,Thu,Mar,witer,0,0,0
99093,3/23/2029,Fri,Mar,witer,0,0,0
99094,3/24/2029,Sat,Mar,witer,0,0,0
99095,3/25/2029,Sun,Mar,witer,0,0,0
99096,3/26/2029,Mon,Mar,witer,0,0,0
99097,3/27/2029,Tue,Mar,witer,0,0,0
99098,3/28/2029,Wed,Mar,witer,0,0,0
99099,3/29/2029,Thu,Mar,witer,0,0,0
99100,3/30/2029,Fri,Mar,witer,0,0,0
99101,3/31/2029,Sat,Mar,witer,0,0,0
99171,4/1/2029,Sun,Apr,witer,0,0,0
99172,4/2/2029,Mon,Apr,witer,0,0,0
99173,4/3/2029,Tue,Apr,witer,0,0,0
99174,4/4/2029,Wed,Apr,witer,0,0,0
99175,4/5/2029,Thu,Apr,witer,0,0,0
99176,4/6/2029,Fri,Apr,witer,0,0,0
99177,4/7/2029,Sat,Apr,witer,0,0,0
99178,4/8/2029,Sun,Apr,witer,0,0,0
99179,4/9/2029,Mon,Apr,witer,0,0,0
99180,4/10/2029,Tue,Apr,witer,0,0,0
99181,4/11/2029,Wed,Apr,witer,0,0,0
99182,4/12/2029,Thu,Apr,witer,0,0,0
99183,4/13/2029,Fri,Apr,witer,0,0,0
99184,4/14/2029,Sat,Apr,witer,0,0,0
99185,4/15/2029,Sun,Apr,witer,0,0,0
99186,4/16/2029,Mon,Apr,witer,0,0,0
99187,4/17/2029,Tue,Apr,witer,0,0,0
99188,4/18/2029,Wed,Apr,witer,0,0,0
99189,4/19/2029,Thu,Apr,witer,0,0,0
99190,4/20/2029,Fri,Apr,witer,0,0,0
99191,4/21/2029,Sat,Apr,witer,0,0,0
99192,4/22/2029,Sun,Apr,witer,0,0,0
99193,4/23/2029,Mon,Apr,witer,0,0,0
99194,4/24/2029,Tue,Apr,witer,0,0,0
99195,4/25/2029,Wed,Apr,witer,0,0,0
99196,4/26/2029,Thu,Apr,witer,0,0,0
99197,4/27/2029,Fri,Apr,witer,0,0,0
99198,4/28/2029,Sat,Apr,witer,0,0,0
99199,4/29/2029,Sun,Apr,witer,0,0,0
99200,4/30/2029,Mon,Apr,witer,0,0,0
99271,5/1/2029,Tue,May,witer,0,0,0
99272,5/2/2029,Wed,May,witer,0,0,0
99273,5/3/2029,Thu,May,witer,0,0,0
99274,5/4/2029,Fri,May,witer,0,0,0
99275,5/5/2029,Sat,May,witer,0,0,0
99276,5/6/2029,Sun,May,witer,0,0,0
99277,5/7/2029,Mon,May,witer,0,0,0
99278,5/8/2029,Tue,May,witer,0,0,0
99279,5/9/2029,Wed,May,witer,0,0,0
99280,5/10/2029,Thu,May,witer,0,0,0
99281,5/11/2029,Fri,May,witer,0,0,0
99282,5/12/2029,Sat,May,witer,0,0,0
99283,5/13/2029,Sun,May,witer,0,0,0
99284,5/14/2029,Mon,May,witer,0,0,0
99285,5/15/2029,Tue,May,witer,0,0,0
99286,5/16/2029,Wed,May,witer,0,0,0
99287,5/17/2029,Thu,May,witer,0,0,0
99288,5/18/2029,Fri,May,witer,0,0,0
99289,5/19/2029,Sat,May,witer,0,0,0
99290,5/20/2029,Sun,May,witer,0,0,0
99291,5/21/2029,Mon,May,witer,0,0,0
99292,5/22/2029,Tue,May,witer,0,0,0
99293,5/23/2029,Wed,May,witer,0,0,0
99294,5/24/2029,Thu,May,witer,0,0,0
99295,5/25/2029,Fri,May,witer,0,0,0
99296,5/26/2029,Sat,May,witer,0,0,0
99297,5/27/2029,Sun,May,witer,0,0,0
99298,5/28/2029,Mon,May,witer,0,0,0
99299,5/29/2029,Tue,May,witer,0,0,0
99300,5/30/2029,Wed,May,witer,0,0,0
99301,5/31/2029,Thu,May,witer,0,0,0
99371,6/1/2029,Fri,Jun,witer,0,0,0
99372,6/2/2029,Sat,Jun,witer,0,0,0
99373,6/3/2029,Sun,Jun,witer,0,0,0
99374,6/4/2029,Mon,Jun,witer,0,0,0
99375,6/5/2029,Tue,Jun,witer,0,0,0
99376,6/6/2029,Wed,Jun,witer,0,0,0
99377,6/7/2029,Thu,Jun,witer,0,0,0
99378,6/8/2029,Fri,Jun,witer,0,0,0
99379,6/9/2029,Sat,Jun,witer,0,0,0
99380,6/10/2029,Sun,Jun,witer,0,0,0
99381,6/11/2029,Mon,Jun,witer,0,0,0
99382,6/12/2029,Tue,Jun,witer,0,0,0
99383,6/13/2029,Wed,Jun,witer,0,0,0
99384,6/14/2029,Thu,Jun,witer,0,0,0
99385,6/15/2029,Fri,Jun,witer,0,0,0
99386,6/16/2029,Sat,Jun,witer,0,0,0
99387,6/17/2029,Sun,Jun,witer,0,0,0
99388,6/18/2029,Mon,Jun,witer,0,0,0
99389,6/19/2029,Tue,Jun,witer,0,0,0
99390,6/20/2029,Wed,Jun,witer,0,0,0
99391,6/21/2029,Thu,Jun,witer,0,0,0
99392,6/22/2029,Fri,Jun,witer,0,0,0
99393,6/23/2029,Sat,Jun,witer,0,0,0
99394,6/24/2029,Sun,Jun,witer,0,0,0
99395,6/25/2029,Mon,Jun,witer,0,0,0
99396,6/26/2029,Tue,Jun,witer,0,0,0
99397,6/27/2029,Wed,Jun,witer,0,0,0
99398,6/28/2029,Thu,Jun,witer,0,0,0
99399,6/29/2029,Fri,Jun,witer,0,0,0
99400,6/30/2029,Sat,Jun,witer,0,0,0
99471,7/1/2029,Sun,Jul,witer,0,0,0
99472,7/2/2029,Mon,Jul,witer,0,0,0
99473,7/3/2029,Tue,Jul,witer,0,0,0
99474,7/4/2029,Wed,Jul,witer,0,0,0
99475,7/5/2029,Thu,Jul,witer,0,0,0
99476,7/6/2029,Fri,Jul,witer,0,0,0
99477,7/7/2029,Sat,Jul,witer,0,0,0
99478,7/8/2029,Sun,Jul,witer,0,0,0
99479,7/9/2029,Mon,Jul,witer,0,0,0
99480,7/10/2029,Tue,Jul,witer,0,0,0
99481,7/11/2029,Wed,Jul,witer,0,0,0
99482,7/12/2029,Thu,Jul,witer,0,0,0
99483,7/13/2029,Fri,Jul,witer,0,0,0
99484,7/14/2029,Sat,Jul,witer,0,0,0
99485,7/15/2029,Sun,Jul,witer,0,0,0
99486,7/16/2029,Mon,Jul,witer,0,0,0
99487,7/17/2029,Tue,Jul,witer,0,0,0
99488,7/18/2029,Wed,Jul,witer,0,0,0
99489,7/19/2029,Thu,Jul,witer,0,0,0
99490,7/20/2029,Fri,Jul,witer,0,0,0
99491,7/21/2029,Sat,Jul,witer,0,0,0
99492,7/22/2029,Sun,Jul,witer,0,0,0
99493,7/23/2029,Mon,Jul,witer,0,0,0
99494,7/24/2029,Tue,Jul,witer,0,0,0
99495,7/25/2029,Wed,Jul,witer,0,0,0
99496,7/26/2029,Thu,Jul,witer,0,0,0
99497,7/27/2029,Fri,Jul,witer,0,0,0
99498,7/28/2029,Sat,Jul,witer,0,0,0
99499,7/29/2029,Sun,Jul,witer,0,0,0
99500,7/30/2029,Mon,Jul,witer,0,0,0
99501,7/31/2029,Tue,Jul,witer,0,0,0
99571,8/1/2029,Wed,Aug,witer,0,0,0
99572,8/2/2029,Thu,Aug,witer,0,0,0
99573,8/3/2029,Fri,Aug,witer,0,0,0
99574,8/4/2029,Sat,Aug,witer,0,0,0
99575,8/5/2029,Sun,Aug,witer,0,0,0
99576,8/6/2029,Mon,Aug,witer,0,0,0
99577,8/7/2029,Tue,Aug,witer,0,0,0
99578,8/8/2029,Wed,Aug,witer,0,0,0
99579,8/9/2029,Thu,Aug,witer,0,0,0
99580,8/10/2029,Fri,Aug,witer,0,0,0
99581,8/11/2029,Sat,Aug,witer,0,0,0
99582,8/12/2029,Sun,Aug,witer,0,0,0
99583,8/13/2029,Mon,Aug,witer,0,0,0
99584,8/14/2029,Tue,Aug,witer,0,0,0
99585,8/15/2029,Wed,Aug,witer,0,0,0
99586,8/16/2029,Thu,Aug,witer,0,0,0
99587,8/17/2029,Fri,Aug,witer,0,0,0
99588,8/18/2029,Sat,Aug,witer,0,0,0
99589,8/19/2029,Sun,Aug,witer,0,0,0
99590,8/20/2029,Mon,Aug,witer,0,0,0
99591,8/21/2029,Tue,Aug,witer,0,0,0
99592,8/22/2029,Wed,Aug,witer,0,0,0
99593,8/23/2029,Thu,Aug,witer,0,0,0
99594,8/24/2029,Fri,Aug,witer,0,0,0
99595,8/25/2029,Sat,Aug,witer,0,0,0
99596,8/26/2029,Sun,Aug,witer,0,0,0
99597,8/27/2029,Mon,Aug,witer,0,0,0
99598,8/28/2029,Tue,Aug,witer,0,0,0
99599,8/29/2029,Wed,Aug,witer,0,0,0
99600,8/30/2029,Thu,Aug,witer,0,0,0
99601,8/31/2029,Fri,Aug,witer,0,0,0
99671,9/1/2029,Sat,Sep,witer,0,0,0
99672,9/2/2029,Sun,Sep,witer,0,0,0
99673,9/3/2029,Mon,Sep,witer,0,0,0
99674,9/4/2029,Tue,Sep,witer,0,0,0
99675,9/5/2029,Wed,Sep,witer,0,0,0
99676,9/6/2029,Thu,Sep,witer,0,0,0
99677,9/7/2029,Fri,Sep,witer,0,0,0
99678,9/8/2029,Sat,Sep,witer,0,0,0
99679,9/9/2029,Sun,Sep,witer,0,0,0
99680,9/10/2029,Mon,Sep,witer,0,0,0
99681,9/11/2029,Tue,Sep,witer,0,0,0
99682,9/12/2029,Wed,Sep,witer,0,0,0
99683,9/13/2029,Thu,Sep,witer,0,0,0
99684,9/14/2029,Fri,Sep,witer,0,0,0
99685,9/15/2029,Sat,Sep,witer,0,0,0
99686,9/16/2029,Sun,Sep,witer,0,0,0
99687,9/17/2029,Mon,Sep,witer,0,0,0
99688,9/18/2029,Tue,Sep,witer,0,0,0
99689,9/19/2029,Wed,Sep,witer,0,0,0
99690,9/20/2029,Thu,Sep,witer,0,0,0
99691,9/21/2029,Fri,Sep,witer,0,0,0
99692,9/22/2029,Sat,Sep,witer,0,0,0
99693,9/23/2029,Sun,Sep,witer,0,0,0
99694,9/24/2029,Mon,Sep,witer,0,0,0
99695,9/25/2029,Tue,Sep,witer,0,0,0
99696,9/26/2029,Wed,Sep,witer,0,0,0
99697,9/27/2029,Thu,Sep,witer,0,0,0
99698,9/28/2029,Fri,Sep,witer,0,0,0
99699,9/29/2029,Sat,Sep,witer,0,0,0
99700,9/30/2029,Sun,Sep,witer,0,0,0
99771,10/1/2029,Mon,Oct,witer,0,0,0
99772,10/2/2029,Tue,Oct,witer,0,0,0
99773,10/3/2029,Wed,Oct,witer,0,0,0
99774,10/4/2029,Thu,Oct,witer,0,0,0
99775,10/5/2029,Fri,Oct,witer,0,0,0
99776,10/6/2029,Sat,Oct,witer,0,0,0
99777,10/7/2029,Sun,Oct,witer,0,0,0
99778,10/8/2029,Mon,Oct,witer,0,0,0
99779,10/9/2029,Tue,Oct,witer,0,0,0
99780,10/10/2029,Wed,Oct,witer,0,0,0
99781,10/11/2029,Thu,Oct,witer,0,0,0
99782,10/12/2029,Fri,Oct,witer,0,0,0
99783,10/13/2029,Sat,Oct,witer,0,0,0
99784,10/14/2029,Sun,Oct,witer,0,0,0
99785,10/15/2029,Mon,Oct,witer,0,0,0
99786,10/16/2029,Tue,Oct,witer,0,0,0
99787,10/17/2029,Wed,Oct,witer,0,0,0
99788,10/18/2029,Thu,Oct,witer,0,0,0
99789,10/19/2029,Fri,Oct,witer,0,0,0
99790,10/20/2029,Sat,Oct,witer,0,0,0
99791,10/21/2029,Sun,Oct,witer,0,0,0
99792,10/22/2029,Mon,Oct,witer,0,0,0
99793,10/23/2029,Tue,Oct,witer,0,0,0
99794,10/24/2029,Wed,Oct,witer,0,0,0
99795,10/25/2029,Thu,Oct,witer,0,0,0
99796,10/26/2029,Fri,Oct,witer,0,0,0
99797,10/27/2029,Sat,Oct,witer,0,0,0
99798,10/28/2029,Sun,Oct,witer,0,0,0
99799,10/29/2029,Mon,Oct,witer,0,0,0
99800,10/30/2029,Tue,Oct,witer,0,0,0
99801,10/31/2029,Wed,Oct,witer,0,0,0
99871,11/1/2029,Thu,Nov,witer,0,0,0
99872,11/2/2029,Fri,Nov,witer,0,0,0
99873,11/3/2029,Sat,Nov,witer,0,0,0
99874,11/4/2029,Sun,Nov,witer,0,0,0
99875,11/5/2029,Mon,Nov,witer,0,0,0
99876,11/6/2029,Tue,Nov,witer,0,0,0
99877,11/7/2029,Wed,Nov,witer,0,0,0
99878,11/8/2029,Thu,Nov,witer,0,0,0
99879,11/9/2029,Fri,Nov,witer,0,0,0
99880,11/10/2029,Sat,Nov,witer,0,0,0
99881,11/11/2029,Sun,Nov,witer,0,0,0
99882,11/12/2029,Mon,Nov,witer,0,0,0
99883,11/13/2029,Tue,Nov,witer,0,0,0
99884,11/14/2029,Wed,Nov,witer,0,0,0
99885,11/15/2029,Thu,Nov,witer,0,0,0
99886,11/16/2029,Fri,Nov,witer,0,0,0
99887,11/17/2029,Sat,Nov,witer,0,0,0
99888,11/18/2029,Sun,Nov,witer,0,0,0
99889,11/19/2029,Mon,Nov,witer,0,0,0
99890,11/20/2029,Tue,Nov,witer,0,0,0
99891,11/21/2029,Wed,Nov,witer,0,0,0
99892,11/22/2029,Thu,Nov,witer,0,0,0
99893,11/23/2029,Fri,Nov,witer,0,0,0
99894,11/24/2029,Sat,Nov,witer,0,0,0
99895,11/25/2029,Sun,Nov,witer,0,0,0
99896,11/26/2029,Mon,Nov,witer,0,0,0
99897,11/27/2029,Tue,Nov,witer,0,0,0
99898,11/28/2029,Wed,Nov,witer,0,0,0
99899,11/29/2029,Thu,Nov,witer,0,0,0
99900,11/30/2029,Fri,Nov,witer,0,0,0
99971,12/1/2029,Sat,Dec,witer,0,0,0
99972,12/2/2029,Sun,Dec,witer,0,0,0
99973,12/3/2029,Mon,Dec,witer,0,0,0
99974,12/4/2029,Tue,Dec,witer,0,0,0
99975,12/5/2029,Wed,Dec,witer,0,0,0
99976,12/6/2029,Thu,Dec,witer,0,0,0
99977,12/7/2029,Fri,Dec,witer,0,0,0
99978,12/8/2029,Sat,Dec,witer,0,0,0
99979,12/9/2029,Sun,Dec,witer,0,0,0
99980,12/10/2029,Mon,Dec,witer,0,0,0
99981,12/11/2029,Tue,Dec,witer,0,0,0
99982,12/12/2029,Wed,Dec,witer,0,0,0
99983,12/13/2029,Thu,Dec,witer,0,0,0
99984,12/14/2029,Fri,Dec,witer,0,0,0
99985,12/15/2029,Sat,Dec,witer,0,0,0
99986,12/16/2029,Sun,Dec,witer,0,0,0
99987,12/17/2029,Mon,Dec,witer,0,0,0
99988,12/18/2029,Tue,Dec,witer,0,0,0
99989,12/19/2029,Wed,Dec,witer,0,0,0
99990,12/20/2029,Thu,Dec,witer,0,0,0
99991,12/21/2029,Fri,Dec,witer,0,0,0
99992,12/22/2029,Sat,Dec,witer,0,0,0
99993,12/23/2029,Sun,Dec,witer,0,0,0
99994,12/24/2029,Mon,Dec,witer,0,0,0
99995,12/25/2029,Tue,Dec,witer,0,0,0
99996,12/26/2029,Wed,Dec,witer,0,0,0
99997,12/27/2029,Thu,Dec,witer,0,0,0
99998,12/28/2029,Fri,Dec,witer,0,0,0
99999,12/29/2029,Sat,Dec,witer,0,0,0
100000,12/30/2029,Sun,Dec,witer,0,0,0
100001,12/31/2029,Mon,Dec,witer,0,0,0
108871,1/1/2030,Tue,Jan,witer,0,0,0
108872,1/2/2030,Wed,Jan,witer,0,0,0
108873,1/3/2030,Thu,Jan,witer,0,0,0
108874,1/4/2030,Fri,Jan,witer,0,0,0
108875,1/5/2030,Sat,Jan,witer,0,0,0
108876,1/6/2030,Sun,Jan,witer,0,0,0
108877,1/7/2030,Mon,Jan,witer,0,0,0
108878,1/8/2030,Tue,Jan,witer,0,0,0
108879,1/9/2030,Wed,Jan,witer,0,0,0
108880,1/10/2030,Thu,Jan,witer,0,0,0
108881,1/11/2030,Fri,Jan,witer,0,0,0
108882,1/12/2030,Sat,Jan,witer,0,0,0
108883,1/13/2030,Sun,Jan,witer,0,0,0
108884,1/14/2030,Mon,Jan,witer,0,0,0
108885,1/15/2030,Tue,Jan,witer,0,0,0
108886,1/16/2030,Wed,Jan,witer,0,0,0
108887,1/17/2030,Thu,Jan,witer,0,0,0
108888,1/18/2030,Fri,Jan,witer,0,0,0
108889,1/19/2030,Sat,Jan,witer,0,0,0
108890,1/20/2030,Sun,Jan,witer,0,0,0
108891,1/21/2030,Mon,Jan,witer,0,0,0
108892,1/22/2030,Tue,Jan,witer,0,0,0
108893,1/23/2030,Wed,Jan,witer,0,0,0
108894,1/24/2030,Thu,Jan,witer,0,0,0
108895,1/25/2030,Fri,Jan,witer,0,0,0
108896,1/26/2030,Sat,Jan,witer,0,0,0
108897,1/27/2030,Sun,Jan,witer,0,0,0
108898,1/28/2030,Mon,Jan,witer,0,0,0
108899,1/29/2030,Tue,Jan,witer,0,0,0
108900,1/30/2030,Wed,Jan,witer,0,0,0
108901,1/31/2030,Thu,Jan,witer,0,0,0
108971,2/1/2030,Fri,Feb,witer,0,0,0
108972,2/2/2030,Sat,Feb,witer,0,0,0
108973,2/3/2030,Sun,Feb,witer,0,0,0
108974,2/4/2030,Mon,Feb,witer,0,0,0
108975,2/5/2030,Tue,Feb,witer,0,0,0
108976,2/6/2030,Wed,Feb,witer,0,0,0
108977,2/7/2030,Thu,Feb,witer,0,0,0
108978,2/8/2030,Fri,Feb,witer,0,0,0
108979,2/9/2030,Sat,Feb,witer,0,0,0
108980,2/10/2030,Sun,Feb,witer,0,0,0
108981,2/11/2030,Mon,Feb,witer,0,0,0
108982,2/12/2030,Tue,Feb,witer,0,0,0
108983,2/13/2030,Wed,Feb,witer,0,0,0
108984,2/14/2030,Thu,Feb,witer,0,0,0
108985,2/15/2030,Fri,Feb,witer,0,0,0
108986,2/16/2030,Sat,Feb,witer,0,0,0
108987,2/17/2030,Sun,Feb,witer,0,0,0
108988,2/18/2030,Mon,Feb,witer,0,0,0
108989,2/19/2030,Tue,Feb,witer,0,0,0
108990,2/20/2030,Wed,Feb,witer,0,0,0
108991,2/21/2030,Thu,Feb,witer,0,0,0
108992,2/22/2030,Fri,Feb,witer,0,0,0
108993,2/23/2030,Sat,Feb,witer,0,0,0
108994,2/24/2030,Sun,Feb,witer,0,0,0
108995,2/25/2030,Mon,Feb,witer,0,0,0
108996,2/26/2030,Tue,Feb,witer,0,0,0
108997,2/27/2030,Wed,Feb,witer,0,0,0
108998,2/28/2030,Thu,Feb,witer,0,0,0
109071,3/1/2030,Fri,Mar,witer,0,0,0
109072,3/2/2030,Sat,Mar,witer,0,0,0
109073,3/3/2030,Sun,Mar,witer,0,0,0
109074,3/4/2030,Mon,Mar,witer,0,0,0
109075,3/5/2030,Tue,Mar,witer,0,0,0
109076,3/6/2030,Wed,Mar,witer,0,0,0
109077,3/7/2030,Thu,Mar,witer,0,0,0
109078,3/8/2030,Fri,Mar,witer,0,0,0
109079,3/9/2030,Sat,Mar,witer,0,0,0
109080,3/10/2030,Sun,Mar,witer,0,0,0
109081,3/11/2030,Mon,Mar,witer,0,0,0
109082,3/12/2030,Tue,Mar,witer,0,0,0
109083,3/13/2030,Wed,Mar,witer,0,0,0
109084,3/14/2030,Thu,Mar,witer,0,0,0
109085,3/15/2030,Fri,Mar,witer,0,0,0
109086,3/16/2030,Sat,Mar,witer,0,0,0
109087,3/17/2030,Sun,Mar,witer,0,0,0
109088,3/18/2030,Mon,Mar,witer,0,0,0
109089,3/19/2030,Tue,Mar,witer,0,0,0
109090,3/20/2030,Wed,Mar,witer,0,0,0
109091,3/21/2030,Thu,Mar,witer,0,0,0
109092,3/22/2030,Fri,Mar,witer,0,0,0
109093,3/23/2030,Sat,Mar,witer,0,0,0
109094,3/24/2030,Sun,Mar,witer,0,0,0
109095,3/25/2030,Mon,Mar,witer,0,0,0
109096,3/26/2030,Tue,Mar,witer,0,0,0
109097,3/27/2030,Wed,Mar,witer,0,0,0
109098,3/28/2030,Thu,Mar,witer,0,0,0
109099,3/29/2030,Fri,Mar,witer,0,0,0
109100,3/30/2030,Sat,Mar,witer,0,0,0
109101,3/31/2030,Sun,Mar,witer,0,0,0
109171,4/1/2030,Mon,Apr,witer,0,0,0
109172,4/2/2030,Tue,Apr,witer,0,0,0
109173,4/3/2030,Wed,Apr,witer,0,0,0
109174,4/4/2030,Thu,Apr,witer,0,0,0
109175,4/5/2030,Fri,Apr,witer,0,0,0
109176,4/6/2030,Sat,Apr,witer,0,0,0
109177,4/7/2030,Sun,Apr,witer,0,0,0
109178,4/8/2030,Mon,Apr,witer,0,0,0
109179,4/9/2030,Tue,Apr,witer,0,0,0
109180,4/10/2030,Wed,Apr,witer,0,0,0
109181,4/11/2030,Thu,Apr,witer,0,0,0
109182,4/12/2030,Fri,Apr,witer,0,0,0
109183,4/13/2030,Sat,Apr,witer,0,0,0
109184,4/14/2030,Sun,Apr,witer,0,0,0
109185,4/15/2030,Mon,Apr,witer,0,0,0
109186,4/16/2030,Tue,Apr,witer,0,0,0
109187,4/17/2030,Wed,Apr,witer,0,0,0
109188,4/18/2030,Thu,Apr,witer,0,0,0
109189,4/19/2030,Fri,Apr,witer,0,0,0
109190,4/20/2030,Sat,Apr,witer,0,0,0
109191,4/21/2030,Sun,Apr,witer,0,0,0
109192,4/22/2030,Mon,Apr,witer,0,0,0
109193,4/23/2030,Tue,Apr,witer,0,0,0
109194,4/24/2030,Wed,Apr,witer,0,0,0
109195,4/25/2030,Thu,Apr,witer,0,0,0
109196,4/26/2030,Fri,Apr,witer,0,0,0
109197,4/27/2030,Sat,Apr,witer,0,0,0
109198,4/28/2030,Sun,Apr,witer,0,0,0
109199,4/29/2030,Mon,Apr,witer,0,0,0
109200,4/30/2030,Tue,Apr,witer,0,0,0
109271,5/1/2030,Wed,May,witer,0,0,0
109272,5/2/2030,Thu,May,witer,0,0,0
109273,5/3/2030,Fri,May,witer,0,0,0
109274,5/4/2030,Sat,May,witer,0,0,0
109275,5/5/2030,Sun,May,witer,0,0,0
109276,5/6/2030,Mon,May,witer,0,0,0
109277,5/7/2030,Tue,May,witer,0,0,0
109278,5/8/2030,Wed,May,witer,0,0,0
109279,5/9/2030,Thu,May,witer,0,0,0
109280,5/10/2030,Fri,May,witer,0,0,0
109281,5/11/2030,Sat,May,witer,0,0,0
109282,5/12/2030,Sun,May,witer,0,0,0
109283,5/13/2030,Mon,May,witer,0,0,0
109284,5/14/2030,Tue,May,witer,0,0,0
109285,5/15/2030,Wed,May,witer,0,0,0
109286,5/16/2030,Thu,May,witer,0,0,0
109287,5/17/2030,Fri,May,witer,0,0,0
109288,5/18/2030,Sat,May,witer,0,0,0
109289,5/19/2030,Sun,May,witer,0,0,0
109290,5/20/2030,Mon,May,witer,0,0,0
109291,5/21/2030,Tue,May,witer,0,0,0
109292,5/22/2030,Wed,May,witer,0,0,0
109293,5/23/2030,Thu,May,witer,0,0,0
109294,5/24/2030,Fri,May,witer,0,0,0
109295,5/25/2030,Sat,May,witer,0,0,0
109296,5/26/2030,Sun,May,witer,0,0,0
109297,5/27/2030,Mon,May,witer,0,0,0
109298,5/28/2030,Tue,May,witer,0,0,0
109299,5/29/2030,Wed,May,witer,0,0,0
109300,5/30/2030,Thu,May,witer,0,0,0
109301,5/31/2030,Fri,May,witer,0,0,0
109371,6/1/2030,Sat,Jun,witer,0,0,0
109372,6/2/2030,Sun,Jun,witer,0,0,0
109373,6/3/2030,Mon,Jun,witer,0,0,0
109374,6/4/2030,Tue,Jun,witer,0,0,0
109375,6/5/2030,Wed,Jun,witer,0,0,0
109376,6/6/2030,Thu,Jun,witer,0,0,0
109377,6/7/2030,Fri,Jun,witer,0,0,0
109378,6/8/2030,Sat,Jun,witer,0,0,0
109379,6/9/2030,Sun,Jun,witer,0,0,0
109380,6/10/2030,Mon,Jun,witer,0,0,0
109381,6/11/2030,Tue,Jun,witer,0,0,0
109382,6/12/2030,Wed,Jun,witer,0,0,0
109383,6/13/2030,Thu,Jun,witer,0,0,0
109384,6/14/2030,Fri,Jun,witer,0,0,0
109385,6/15/2030,Sat,Jun,witer,0,0,0
109386,6/16/2030,Sun,Jun,witer,0,0,0
109387,6/17/2030,Mon,Jun,witer,0,0,0
109388,6/18/2030,Tue,Jun,witer,0,0,0
109389,6/19/2030,Wed,Jun,witer,0,0,0
109390,6/20/2030,Thu,Jun,witer,0,0,0
109391,6/21/2030,Fri,Jun,witer,0,0,0
109392,6/22/2030,Sat,Jun,witer,0,0,0
109393,6/23/2030,Sun,Jun,witer,0,0,0
109394,6/24/2030,Mon,Jun,witer,0,0,0
109395,6/25/2030,Tue,Jun,witer,0,0,0
109396,6/26/2030,Wed,Jun,witer,0,0,0
109397,6/27/2030,Thu,Jun,witer,0,0,0
109398,6/28/2030,Fri,Jun,witer,0,0,0
109399,6/29/2030,Sat,Jun,witer,0,0,0
109400,6/30/2030,Sun,Jun,witer,0,0,0
109471,7/1/2030,Mon,Jul,witer,0,0,0
109472,7/2/2030,Tue,Jul,witer,0,0,0
109473,7/3/2030,Wed,Jul,witer,0,0,0
109474,7/4/2030,Thu,Jul,witer,0,0,0
109475,7/5/2030,Fri,Jul,witer,0,0,0
109476,7/6/2030,Sat,Jul,witer,0,0,0
109477,7/7/2030,Sun,Jul,witer,0,0,0
109478,7/8/2030,Mon,Jul,witer,0,0,0
109479,7/9/2030,Tue,Jul,witer,0,0,0
109480,7/10/2030,Wed,Jul,witer,0,0,0
109481,7/11/2030,Thu,Jul,witer,0,0,0
109482,7/12/2030,Fri,Jul,witer,0,0,0
109483,7/13/2030,Sat,Jul,witer,0,0,0
109484,7/14/2030,Sun,Jul,witer,0,0,0
109485,7/15/2030,Mon,Jul,witer,0,0,0
109486,7/16/2030,Tue,Jul,witer,0,0,0
109487,7/17/2030,Wed,Jul,witer,0,0,0
109488,7/18/2030,Thu,Jul,witer,0,0,0
109489,7/19/2030,Fri,Jul,witer,0,0,0
109490,7/20/2030,Sat,Jul,witer,0,0,0
109491,7/21/2030,Sun,Jul,witer,0,0,0
109492,7/22/2030,Mon,Jul,witer,0,0,0
109493,7/23/2030,Tue,Jul,witer,0,0,0
109494,7/24/2030,Wed,Jul,witer,0,0,0
109495,7/25/2030,Thu,Jul,witer,0,0,0
109496,7/26/2030,Fri,Jul,witer,0,0,0
109497,7/27/2030,Sat,Jul,witer,0,0,0
109498,7/28/2030,Sun,Jul,witer,0,0,0
109499,7/29/2030,Mon,Jul,witer,0,0,0
109500,7/30/2030,Tue,Jul,witer,0,0,0
109501,7/31/2030,Wed,Jul,witer,0,0,0
109571,8/1/2030,Thu,Aug,witer,0,0,0
109572,8/2/2030,Fri,Aug,witer,0,0,0
109573,8/3/2030,Sat,Aug,witer,0,0,0
109574,8/4/2030,Sun,Aug,witer,0,0,0
109575,8/5/2030,Mon,Aug,witer,0,0,0
109576,8/6/2030,Tue,Aug,witer,0,0,0
109577,8/7/2030,Wed,Aug,witer,0,0,0
109578,8/8/2030,Thu,Aug,witer,0,0,0
109579,8/9/2030,Fri,Aug,witer,0,0,0
109580,8/10/2030,Sat,Aug,witer,0,0,0
109581,8/11/2030,Sun,Aug,witer,0,0,0
109582,8/12/2030,Mon,Aug,witer,0,0,0
109583,8/13/2030,Tue,Aug,witer,0,0,0
109584,8/14/2030,Wed,Aug,witer,0,0,0
109585,8/15/2030,Thu,Aug,witer,0,0,0
109586,8/16/2030,Fri,Aug,witer,0,0,0
109587,8/17/2030,Sat,Aug,witer,0,0,0
109588,8/18/2030,Sun,Aug,witer,0,0,0
109589,8/19/2030,Mon,Aug,witer,0,0,0
109590,8/20/2030,Tue,Aug,witer,0,0,0
109591,8/21/2030,Wed,Aug,witer,0,0,0
109592,8/22/2030,Thu,Aug,witer,0,0,0
109593,8/23/2030,Fri,Aug,witer,0,0,0
109594,8/24/2030,Sat,Aug,witer,0,0,0
109595,8/25/2030,Sun,Aug,witer,0,0,0
109596,8/26/2030,Mon,Aug,witer,0,0,0
109597,8/27/2030,Tue,Aug,witer,0,0,0
109598,8/28/2030,Wed,Aug,witer,0,0,0
109599,8/29/2030,Thu,Aug,witer,0,0,0
109600,8/30/2030,Fri,Aug,witer,0,0,0
109601,8/31/2030,Sat,Aug,witer,0,0,0
109671,9/1/2030,Sun,Sep,witer,0,0,0
109672,9/2/2030,Mon,Sep,witer,0,0,0
109673,9/3/2030,Tue,Sep,witer,0,0,0
109674,9/4/2030,Wed,Sep,witer,0,0,0
109675,9/5/2030,Thu,Sep,witer,0,0,0
109676,9/6/2030,Fri,Sep,witer,0,0,0
109677,9/7/2030,Sat,Sep,witer,0,0,0
109678,9/8/2030,Sun,Sep,witer,0,0,0
109679,9/9/2030,Mon,Sep,witer,0,0,0
109680,9/10/2030,Tue,Sep,witer,0,0,0
109681,9/11/2030,Wed,Sep,witer,0,0,0
109682,9/12/2030,Thu,Sep,witer,0,0,0
109683,9/13/2030,Fri,Sep,witer,0,0,0
109684,9/14/2030,Sat,Sep,witer,0,0,0
109685,9/15/2030,Sun,Sep,witer,0,0,0
109686,9/16/2030,Mon,Sep,witer,0,0,0
109687,9/17/2030,Tue,Sep,witer,0,0,0
109688,9/18/2030,Wed,Sep,witer,0,0,0
109689,9/19/2030,Thu,Sep,witer,0,0,0
109690,9/20/2030,Fri,Sep,witer,0,0,0
109691,9/21/2030,Sat,Sep,witer,0,0,0
109692,9/22/2030,Sun,Sep,witer,0,0,0
109693,9/23/2030,Mon,Sep,witer,0,0,0
109694,9/24/2030,Tue,Sep,witer,0,0,0
109695,9/25/2030,Wed,Sep,witer,0,0,0
109696,9/26/2030,Thu,Sep,witer,0,0,0
109697,9/27/2030,Fri,Sep,witer,0,0,0
109698,9/28/2030,Sat,Sep,witer,0,0,0
109699,9/29/2030,Sun,Sep,witer,0,0,0
109700,9/30/2030,Mon,Sep,witer,0,0,0
109771,10/1/2030,Tue,Oct,witer,0,0,0
109772,10/2/2030,Wed,Oct,witer,0,0,0
109773,10/3/2030,Thu,Oct,witer,0,0,0
109774,10/4/2030,Fri,Oct,witer,0,0,0
109775,10/5/2030,Sat,Oct,witer,0,0,0
109776,10/6/2030,Sun,Oct,witer,0,0,0
109777,10/7/2030,Mon,Oct,witer,0,0,0
109778,10/8/2030,Tue,Oct,witer,0,0,0
109779,10/9/2030,Wed,Oct,witer,0,0,0
109780,10/10/2030,Thu,Oct,witer,0,0,0
109781,10/11/2030,Fri,Oct,witer,0,0,0
109782,10/12/2030,Sat,Oct,witer,0,0,0
109783,10/13/2030,Sun,Oct,witer,0,0,0
109784,10/14/2030,Mon,Oct,witer,0,0,0
109785,10/15/2030,Tue,Oct,witer,0,0,0
109786,10/16/2030,Wed,Oct,witer,0,0,0
109787,10/17/2030,Thu,Oct,witer,0,0,0
109788,10/18/2030,Fri,Oct,witer,0,0,0
109789,10/19/2030,Sat,Oct,witer,0,0,0
109790,10/20/2030,Sun,Oct,witer,0,0,0
109791,10/21/2030,Mon,Oct,witer,0,0,0
109792,10/22/2030,Tue,Oct,witer,0,0,0
109793,10/23/2030,Wed,Oct,witer,0,0,0
109794,10/24/2030,Thu,Oct,witer,0,0,0
109795,10/25/2030,Fri,Oct,witer,0,0,0
109796,10/26/2030,Sat,Oct,witer,0,0,0
109797,10/27/2030,Sun,Oct,witer,0,0,0
109798,10/28/2030,Mon,Oct,witer,0,0,0
109799,10/29/2030,Tue,Oct,witer,0,0,0
109800,10/30/2030,Wed,Oct,witer,0,0,0
109801,10/31/2030,Thu,Oct,witer,0,0,0
109871,11/1/2030,Fri,Nov,witer,0,0,0
109872,11/2/2030,Sat,Nov,witer,0,0,0
109873,11/3/2030,Sun,Nov,witer,0,0,0
109874,11/4/2030,Mon,Nov,witer,0,0,0
109875,11/5/2030,Tue,Nov,witer,0,0,0
109876,11/6/2030,Wed,Nov,witer,0,0,0
109877,11/7/2030,Thu,Nov,witer,0,0,0
109878,11/8/2030,Fri,Nov,witer,0,0,0
109879,11/9/2030,Sat,Nov,witer,0,0,0
109880,11/10/2030,Sun,Nov,witer,0,0,0
109881,11/11/2030,Mon,Nov,witer,0,0,0
109882,11/12/2030,Tue,Nov,witer,0,0,0
109883,11/13/2030,Wed,Nov,witer,0,0,0
109884,11/14/2030,Thu,Nov,witer,0,0,0
109885,11/15/2030,Fri,Nov,witer,0,0,0
109886,11/16/2030,Sat,Nov,witer,0,0,0
109887,11/17/2030,Sun,Nov,witer,0,0,0
109888,11/18/2030,Mon,Nov,witer,0,0,0
109889,11/19/2030,Tue,Nov,witer,0,0,0
109890,11/20/2030,Wed,Nov,witer,0,0,0
109891,11/21/2030,Thu,Nov,witer,0,0,0
109892,11/22/2030,Fri,Nov,witer,0,0,0
109893,11/23/2030,Sat,Nov,witer,0,0,0
109894,11/24/2030,Sun,Nov,witer,0,0,0
109895,11/25/2030,Mon,Nov,witer,0,0,0
109896,11/26/2030,Tue,Nov,witer,0,0,0
109897,11/27/2030,Wed,Nov,witer,0,0,0
109898,11/28/2030,Thu,Nov,witer,0,0,0
109899,11/29/2030,Fri,Nov,witer,0,0,0
109900,11/30/2030,Sat,Nov,witer,0,0,0
109971,12/1/2030,Sun,Dec,witer,0,0,0
109972,12/2/2030,Mon,Dec,witer,0,0,0
109973,12/3/2030,Tue,Dec,witer,0,0,0
109974,12/4/2030,Wed,Dec,witer,0,0,0
109975,12/5/2030,Thu,Dec,witer,0,0,0
109976,12/6/2030,Fri,Dec,witer,0,0,0
109977,12/7/2030,Sat,Dec,witer,0,0,0
109978,12/8/2030,Sun,Dec,witer,0,0,0
109979,12/9/2030,Mon,Dec,witer,0,0,0
109980,12/10/2030,Tue,Dec,witer,0,0,0
109981,12/11/2030,Wed,Dec,witer,0,0,0
109982,12/12/2030,Thu,Dec,witer,0,0,0
109983,12/13/2030,Fri,Dec,witer,0,0,0
109984,12/14/2030,Sat,Dec,witer,0,0,0
109985,12/15/2030,Sun,Dec,witer,0,0,0
109986,12/16/2030,Mon,Dec,witer,0,0,0
109987,12/17/2030,Tue,Dec,witer,0,0,0
109988,12/18/2030,Wed,Dec,witer,0,0,0
109989,12/19/2030,Thu,Dec,witer,0,0,0
109990,12/20/2030,Fri,Dec,witer,0,0,0
109991,12/21/2030,Sat,Dec,witer,0,0,0
109992,12/22/2030,Sun,Dec,witer,0,0,0
109993,12/23/2030,Mon,Dec,witer,0,0,0
109994,12/24/2030,Tue,Dec,witer,0,0,0
109995,12/25/2030,Wed,Dec,witer,0,0,0
109996,12/26/2030,Thu,Dec,witer,0,0,0
109997,12/27/2030,Fri,Dec,witer,0,0,0
109998,12/28/2030,Sat,Dec,witer,0,0,0
109999,12/29/2030,Sun,Dec,witer,0,0,0
110000,12/30/2030,Mon,Dec,witer,0,0,0
